{"mean":{"confidence_interval":{"confidence_level":0.95,"lower_bound":0.1531681089158581,"upper_bound":0.2001190391161808},"point_estimate":0.1795394405613986,"standard_error":0.011998512796558575},"median":{"confidence_interval":{"confidence_level":0.95,"lower_bound":0.15085456759475613,"upper_bound":0.20104344762871174},"point_estimate":0.19552579335178089,"standard_error":0.012025284506577204}}