{"mean":{"confidence_interval":{"confidence_level":0.95,"lower_bound":0.06811913188538093,"upper_bound":0.08318850392590214},"point_estimate":0.07557720455048678,"standard_error":0.003859554772274418},"median":{"confidence_interval":{"confidence_level":0.95,"lower_bound":0.08545023331845925,"upper_bound":0.09764126152464758},"point_estimate":0.09373839184268173,"standard_error":0.0025588499195834456}}