{"mean":{"confidence_interval":{"confidence_level":0.95,"lower_bound":4110440.6336153853,"upper_bound":4228901.859076924},"point_estimate":4164954.0123076933,"standard_error":30344.551973057067},"median":{"confidence_interval":{"confidence_level":0.95,"lower_bound":4111174.730769231,"upper_bound":4177035.307692308},"point_estimate":4144602.576923077,"standard_error":17737.101960702093},"median_abs_dev":{"confidence_interval":{"confidence_level":0.95,"lower_bound":92648.24258593397,"upper_bound":172083.96192143724},"point_estimate":122723.18221353555,"standard_error":20624.21834648129},"slope":null,"std_dev":{"confidence_interval":{"confidence_level":0.95,"lower_bound":181206.67321104495,"upper_bound":431038.87407993816},"point_estimate":303747.9807255776,"standard_error":68147.57294202264}}