{"mean":{"confidence_interval":{"confidence_level":0.95,"lower_bound":2085270.3130729164,"upper_bound":2114910.4024895835},"point_estimate":2100304.5149999997,"standard_error":7570.303016250514},"median":{"confidence_interval":{"confidence_level":0.95,"lower_bound":2111554.6875,"upper_bound":2127460.0625},"point_estimate":2118694.4375,"standard_error":4340.662027506765},"median_abs_dev":{"confidence_interval":{"confidence_level":0.95,"lower_bound":20979.036727547416,"upper_bound":41448.42971414282},"point_estimate":28838.638950511697,"standard_error":5384.047090965981},"slope":null,"std_dev":{"confidence_interval":{"confidence_level":0.95,"lower_bound":59826.19414390762,"upper_bound":91208.05142948386},"point_estimate":76051.93678677228,"standard_error":7983.1355500367135}}