{"mean":{"confidence_interval":{"confidence_level":0.95,"lower_bound":3451851.1064500012,"upper_bound":3509944.576883333},"point_estimate":3480165.4179999996,"standard_error":14832.77843907501},"median":{"confidence_interval":{"confidence_level":0.95,"lower_bound":3484041.6666666665,"upper_bound":3501991.6666666665},"point_estimate":3493412.5,"standard_error":5214.9407155923145},"median_abs_dev":{"confidence_interval":{"confidence_level":0.95,"lower_bound":31439.422001838822,"upper_bound":79288.21109235298},"point_estimate":52438.720929026626,"standard_error":12430.294534616414},"slope":null,"std_dev":{"confidence_interval":{"confidence_level":0.95,"lower_bound":110300.76134327597,"upper_bound":185915.3027536024},"point_estimate":149591.14772135424,"standard_error":19419.076810649025}}