{"mean":{"confidence_interval":{"confidence_level":0.95,"lower_bound":611941100.14,"upper_bound":639133575.2},"point_estimate":623737896.0,"standard_error":7002460.3157787435},"median":{"confidence_interval":{"confidence_level":0.95,"lower_bound":608443875.0,"upper_bound":625853542.0},"point_estimate":624158542.0,"standard_error":4795690.356337959},"median_abs_dev":{"confidence_interval":{"confidence_level":0.95,"lower_bound":642119.9790000916,"upper_bound":30668630.877622962},"point_estimate":3270584.40733552,"standard_error":8265437.075493892},"slope":null,"std_dev":{"confidence_interval":{"confidence_level":0.95,"lower_bound":7184849.255203206,"upper_bound":34180908.65787599},"point_estimate":23399150.66904744,"standard_error":8151996.210408194}}