{"mean":{"confidence_interval":{"confidence_level":0.95,"lower_bound":1673239442.17,"upper_bound":1727379566.4},"point_estimate":1695903212.2,"standard_error":14292420.288356008},"median":{"confidence_interval":{"confidence_level":0.95,"lower_bound":1670808999.5,"upper_bound":1706876562.0},"point_estimate":1677490083.0,"standard_error":9741803.173024673},"median_abs_dev":{"confidence_interval":{"confidence_level":0.95,"lower_bound":2015224.014222622,"upper_bound":52110300.819057226},"point_estimate":13572461.459040642,"standard_error":13449214.34629863},"slope":null,"std_dev":{"confidence_interval":{"confidence_level":0.95,"lower_bound":10111421.642288398,"upper_bound":69338897.9207436},"point_estimate":47462088.26541569,"standard_error":17471955.77841223}}