{"mean":{"confidence_interval":{"confidence_level":0.95,"lower_bound":-0.009730025117167636,"upper_bound":0.00725044854887275},"point_estimate":-0.001467819465032938,"standard_error":0.0043435435717538275},"median":{"confidence_interval":{"confidence_level":0.95,"lower_bound":-0.013088432823679885,"upper_bound":0.016434918697380098},"point_estimate":-0.0026247784028318177,"standard_error":0.007623720307832052}}