{"mean":{"confidence_interval":{"confidence_level":0.95,"lower_bound":332993218.7,"upper_bound":342966168.7},"point_estimate":338328335.35,"standard_error":2560201.031361735},"median":{"confidence_interval":{"confidence_level":0.95,"lower_bound":332162302.0,"upper_bound":342954229.25},"point_estimate":341480010.25,"standard_error":2869445.933089205},"median_abs_dev":{"confidence_interval":{"confidence_level":0.95,"lower_bound":798441.9843748212,"upper_bound":13668568.037134409},"point_estimate":2622935.813033581,"standard_error":3846403.0306989774},"slope":null,"std_dev":{"confidence_interval":{"confidence_level":0.95,"lower_bound":3011063.6188114816,"upper_bound":10806109.55635008},"point_estimate":8547218.503339913,"standard_error":1867198.5870713156}}