{"mean":{"confidence_interval":{"confidence_level":0.95,"lower_bound":-0.024582690832955098,"upper_bound":-0.007368689655667524},"point_estimate":-0.015950219385666986,"standard_error":0.004396705497324874},"median":{"confidence_interval":{"confidence_level":0.95,"lower_bound":-0.01195122268877713,"upper_bound":0.002443071786242701},"point_estimate":-0.004561413406886539,"standard_error":0.003897648410032187}}