{"mean":{"confidence_interval":{"confidence_level":0.95,"lower_bound":2016.9835105837071,"upper_bound":2045.2618086793964},"point_estimate":2030.6506329747767,"standard_error":7.213744397477222},"median":{"confidence_interval":{"confidence_level":0.95,"lower_bound":2024.0452378907592,"upper_bound":2049.57554200542},"point_estimate":2033.5415049889134,"standard_error":6.359079181926396},"median_abs_dev":{"confidence_interval":{"confidence_level":0.95,"lower_bound":31.76916939286169,"upper_bound":53.55628413962358},"point_estimate":42.54128600854953,"standard_error":5.609283628637082},"slope":{"confidence_interval":{"confidence_level":0.95,"lower_bound":2001.4170521420822,"upper_bound":2046.7674364000227},"point_estimate":2022.8261409146012,"standard_error":11.549896559703123},"std_dev":{"confidence_interval":{"confidence_level":0.95,"lower_bound":53.23888838640437,"upper_bound":92.8352851040568},"point_estimate":72.48994162653786,"standard_error":10.413199821398523}}