{"mean":{"confidence_interval":{"confidence_level":0.95,"lower_bound":1697522591.7,"upper_bound":1747178889.2350001},"point_estimate":1720744462.6,"standard_error":12766852.821110947},"median":{"confidence_interval":{"confidence_level":0.95,"lower_bound":1692094167.0,"upper_bound":1752230583.5},"point_estimate":1714596062.5,"standard_error":11946226.352771742},"median_abs_dev":{"confidence_interval":{"confidence_level":0.95,"lower_bound":2635197.6561158895,"upper_bound":68597459.68125165},"point_estimate":25002040.374425054,"standard_error":19029681.084458485},"slope":null,"std_dev":{"confidence_interval":{"confidence_level":0.95,"lower_bound":17072823.846405204,"upper_bound":54099776.69644837},"point_estimate":42444540.10966644,"standard_error":9598848.361880105}}