{"mean":{"confidence_interval":{"confidence_level":0.95,"lower_bound":1955767000.2,"upper_bound":2034780524.8425},"point_estimate":1992546966.8,"standard_error":20340612.253314357},"median":{"confidence_interval":{"confidence_level":0.95,"lower_bound":1944750000.0,"upper_bound":2058190042.0},"point_estimate":1961318688.0,"standard_error":28762547.377095673},"median_abs_dev":{"confidence_interval":{"confidence_level":0.95,"lower_bound":2229954.8988103867,"upper_bound":104135228.34253013},"point_estimate":25510603.299996257,"standard_error":26146524.864867397},"slope":null,"std_dev":{"confidence_interval":{"confidence_level":0.95,"lower_bound":17341143.63865564,"upper_bound":82004169.24192598},"point_estimate":67717053.37174182,"standard_error":13888502.43837787}}