{"mean":{"confidence_interval":{"confidence_level":0.95,"lower_bound":1567166702.805,"upper_bound":1600960037.7},"point_estimate":1582238083.6,"standard_error":8685421.55991118},"median":{"confidence_interval":{"confidence_level":0.95,"lower_bound":1561917042.0,"upper_bound":1593658938.0},"point_estimate":1579006937.5,"standard_error":7230713.308574633},"median_abs_dev":{"confidence_interval":{"confidence_level":0.95,"lower_bound":4612460.439312458,"upper_bound":39533713.62313628},"point_estimate":18279809.037968516,"standard_error":9407803.127704816},"slope":null,"std_dev":{"confidence_interval":{"confidence_level":0.95,"lower_bound":11158969.39053581,"upper_bound":40955473.71938197},"point_estimate":28915241.782526817,"standard_error":8769396.288499642}}