{"mean":{"confidence_interval":{"confidence_level":0.95,"lower_bound":2124530656.2475,"upper_bound":2201174404.5},"point_estimate":2158102246.0,"standard_error":19852873.414811444},"median":{"confidence_interval":{"confidence_level":0.95,"lower_bound":2120612959.0,"upper_bound":2200852750.5},"point_estimate":2134044458.0,"standard_error":15984051.954702528},"median_abs_dev":{"confidence_interval":{"confidence_level":0.95,"lower_bound":1704928.4418314695,"upper_bound":85554852.55319774},"point_estimate":18347637.98676431,"standard_error":18528661.08731503},"slope":null,"std_dev":{"confidence_interval":{"confidence_level":0.95,"lower_bound":12395476.037083682,"upper_bound":86238612.54038483},"point_estimate":65978684.87893213,"standard_error":19940283.425523493}}