{"mean":{"confidence_interval":{"confidence_level":0.95,"lower_bound":1763.2018445284716,"upper_bound":1795.7651646877423},"point_estimate":1779.371441400612,"standard_error":8.306125998746552},"median":{"confidence_interval":{"confidence_level":0.95,"lower_bound":1757.2107043719639,"upper_bound":1803.9406972769739},"point_estimate":1788.0743907437914,"standard_error":11.588807445677562},"median_abs_dev":{"confidence_interval":{"confidence_level":0.95,"lower_bound":59.16973019967329,"upper_bound":128.94457407466248},"point_estimate":106.05635555987136,"standard_error":19.42979284709994},"slope":{"confidence_interval":{"confidence_level":0.95,"lower_bound":1772.5263609947428,"upper_bound":1813.8260621838567},"point_estimate":1793.2948860038107,"standard_error":10.532831407845086},"std_dev":{"confidence_interval":{"confidence_level":0.95,"lower_bound":73.23180759354297,"upper_bound":92.85353263870712},"point_estimate":83.47724714794599,"standard_error":5.024981729022509}}