{"mean":{"confidence_interval":{"confidence_level":0.95,"lower_bound":0.08564893063482991,"upper_bound":0.11194912675813705},"point_estimate":0.09958112589874091,"standard_error":0.006656718460322731},"median":{"confidence_interval":{"confidence_level":0.95,"lower_bound":0.10718271305962745,"upper_bound":0.11926512692294011},"point_estimate":0.11281839860769405,"standard_error":0.003009905767999542}}