{"mean":{"confidence_interval":{"confidence_level":0.95,"lower_bound":-0.07917389691833879,"upper_bound":-0.044059282660986125},"point_estimate":-0.06354074860914893,"standard_error":0.008989960017113713},"median":{"confidence_interval":{"confidence_level":0.95,"lower_bound":-0.08220014803595277,"upper_bound":-0.04525991081685499},"point_estimate":-0.07090139611884594,"standard_error":0.008345117354929585}}