{"mean":{"confidence_interval":{"confidence_level":0.95,"lower_bound":768643795.5,"upper_bound":784383737.23},"point_estimate":777110537.3,"standard_error":4041929.1360929706},"median":{"confidence_interval":{"confidence_level":0.95,"lower_bound":768692000.0,"upper_bound":786612250.0},"point_estimate":781839354.0,"standard_error":5514837.058451483},"median_abs_dev":{"confidence_interval":{"confidence_level":0.95,"lower_bound":1342679.601162672,"upper_bound":23176559.504833817},"point_estimate":14095911.912247539,"standard_error":5336645.040409661},"slope":null,"std_dev":{"confidence_interval":{"confidence_level":0.95,"lower_bound":6656834.986567837,"upper_bound":18166780.292638358},"point_estimate":13523100.56461876,"standard_error":3264371.8393284846}}