{"mean":{"confidence_interval":{"confidence_level":0.95,"lower_bound":0.0030726261012532733,"upper_bound":0.022855057808604088},"point_estimate":0.012914223107855616,"standard_error":0.005036016714343812},"median":{"confidence_interval":{"confidence_level":0.95,"lower_bound":0.00583554237508821,"upper_bound":0.017113839972338063},"point_estimate":0.010853120164612484,"standard_error":0.0029254866387300807}}