{"mean":{"confidence_interval":{"confidence_level":0.95,"lower_bound":-0.0032449458719418806,"upper_bound":0.020403987081290136},"point_estimate":0.008365757742068602,"standard_error":0.00601944568682892},"median":{"confidence_interval":{"confidence_level":0.95,"lower_bound":0.0009390609575055109,"upper_bound":0.020225758356604583},"point_estimate":0.009930783562771328,"standard_error":0.005164356753988772}}