{"mean":{"confidence_interval":{"confidence_level":0.95,"lower_bound":0.10776807206362958,"upper_bound":0.1280425704836935},"point_estimate":0.11815396419659652,"standard_error":0.005167424458366299},"median":{"confidence_interval":{"confidence_level":0.95,"lower_bound":0.11909289101470846,"upper_bound":0.1269229555449649},"point_estimate":0.12323583243023273,"standard_error":0.0017700243712551404}}