{"mean":{"confidence_interval":{"confidence_level":0.95,"lower_bound":603.3216895941994,"upper_bound":612.6886927293589},"point_estimate":607.8328916163346,"standard_error":2.3841782395228104},"median":{"confidence_interval":{"confidence_level":0.95,"lower_bound":603.3079900003204,"upper_bound":606.7387759423973},"point_estimate":604.6664129214066,"standard_error":0.7610999995171607},"median_abs_dev":{"confidence_interval":{"confidence_level":0.95,"lower_bound":4.625135005875882,"upper_bound":9.578495906998036},"point_estimate":6.711329503121068,"standard_error":1.277795480547711},"slope":{"confidence_interval":{"confidence_level":0.95,"lower_bound":594.3178100682243,"upper_bound":602.7195217421124},"point_estimate":598.6767249577467,"standard_error":2.151552144438107},"std_dev":{"confidence_interval":{"confidence_level":0.95,"lower_bound":17.428338336914425,"upper_bound":29.594931609063778},"point_estimate":24.055371536499987,"standard_error":3.112037485213277}}