{"mean":{"confidence_interval":{"confidence_level":0.95,"lower_bound":-0.03759224462790994,"upper_bound":-0.022513272835798147},"point_estimate":-0.030083705431301788,"standard_error":0.003824650789276043},"median":{"confidence_interval":{"confidence_level":0.95,"lower_bound":-0.05306091923750143,"upper_bound":-0.01705957739961983},"point_estimate":-0.02526009874227908,"standard_error":0.006994475037764789}}