{"mean":{"confidence_interval":{"confidence_level":0.95,"lower_bound":450729968.7,"upper_bound":460379819.6775},"point_estimate":455833779.1,"standard_error":2474371.9677684675},"median":{"confidence_interval":{"confidence_level":0.95,"lower_bound":450106406.25,"upper_bound":459910343.75},"point_estimate":458408374.75,"standard_error":2183930.925354214},"median_abs_dev":{"confidence_interval":{"confidence_level":0.95,"lower_bound":422958.34439098835,"upper_bound":13489528.523012996},"point_estimate":2905988.610908389,"standard_error":3539127.456508498},"slope":null,"std_dev":{"confidence_interval":{"confidence_level":0.95,"lower_bound":2634916.154024532,"upper_bound":10787171.250402018},"point_estimate":8247753.214585657,"standard_error":1974123.1395100555}}