{"mean":{"confidence_interval":{"confidence_level":0.95,"lower_bound":188738944.72416666,"upper_bound":193000995.4791667},"point_estimate":191062620.8333333,"standard_error":1098422.8993523146},"median":{"confidence_interval":{"confidence_level":0.95,"lower_bound":188578034.8333333,"upper_bound":193565652.66666666},"point_estimate":192863242.8333333,"standard_error":1220070.1675024147},"median_abs_dev":{"confidence_interval":{"confidence_level":0.95,"lower_bound":179477.12821367348,"upper_bound":5706764.020484693},"point_estimate":1601795.3282624779,"standard_error":1359286.7580602008},"slope":null,"std_dev":{"confidence_interval":{"confidence_level":0.95,"lower_bound":1051564.0220531358,"upper_bound":4738566.55532699},"point_estimate":3676340.6954831993,"standard_error":942133.4794170427}}