{"mean":{"confidence_interval":{"confidence_level":0.95,"lower_bound":-0.07494928801481426,"upper_bound":-0.044587228653398245},"point_estimate":-0.06121366543859952,"standard_error":0.007775026502261177},"median":{"confidence_interval":{"confidence_level":0.95,"lower_bound":-0.08076511586575585,"upper_bound":-0.05056011710357833},"point_estimate":-0.06990514584190588,"standard_error":0.00743350248840181}}