{"mean":{"confidence_interval":{"confidence_level":0.95,"lower_bound":4513593.723545453,"upper_bound":4582118.327250001},"point_estimate":4548413.5200000005,"standard_error":17448.27698013554},"median":{"confidence_interval":{"confidence_level":0.95,"lower_bound":4570030.363636363,"upper_bound":4600412.863636363},"point_estimate":4587884.454545455,"standard_error":8363.716055424053},"median_abs_dev":{"confidence_interval":{"confidence_level":0.95,"lower_bound":48302.43323336942,"upper_bound":101173.43089472158},"point_estimate":68014.20640159605,"standard_error":13302.024205877222},"slope":null,"std_dev":{"confidence_interval":{"confidence_level":0.95,"lower_bound":145982.98014530764,"upper_bound":200861.35056389568},"point_estimate":175852.81296344308,"standard_error":13996.4892157282}}