{"mean":{"confidence_interval":{"confidence_level":0.95,"lower_bound":144.4389234708521,"upper_bound":145.7813675811621},"point_estimate":145.0827758933454,"standard_error":0.3418166228181933},"median":{"confidence_interval":{"confidence_level":0.95,"lower_bound":145.09217795870893,"upper_bound":146.31360522596484},"point_estimate":145.97163434743626,"standard_error":0.3607202958454683},"median_abs_dev":{"confidence_interval":{"confidence_level":0.95,"lower_bound":1.3278866938404894,"upper_bound":2.7301345785894915},"point_estimate":1.7859083733831702,"standard_error":0.40518367773839675},"slope":{"confidence_interval":{"confidence_level":0.95,"lower_bound":144.44137746834514,"upper_bound":146.85808267407944},"point_estimate":145.5755319984395,"standard_error":0.6158712820799097},"std_dev":{"confidence_interval":{"confidence_level":0.95,"lower_bound":2.3845517858983043,"upper_bound":4.590161432795768},"point_estimate":3.4244566862160952,"standard_error":0.5949484821520693}}