{"mean":{"confidence_interval":{"confidence_level":0.95,"lower_bound":1445100295.6,"upper_bound":1487692967.55},"point_estimate":1463405033.3,"standard_error":11057081.881411126},"median":{"confidence_interval":{"confidence_level":0.95,"lower_bound":1439510749.5,"upper_bound":1469832833.5},"point_estimate":1460858813.0,"standard_error":8116173.588875634},"median_abs_dev":{"confidence_interval":{"confidence_level":0.95,"lower_bound":3643674.019011855,"upper_bound":43134209.14181471},"point_estimate":17968494.17809546,"standard_error":9804915.843237884},"slope":null,"std_dev":{"confidence_interval":{"confidence_level":0.95,"lower_bound":11454864.748823164,"upper_bound":54055064.89845143},"point_estimate":36909521.213609524,"standard_error":13168618.527362779}}