{"mean":{"confidence_interval":{"confidence_level":0.95,"lower_bound":0.0006908594396758452,"upper_bound":0.023337832762075607},"point_estimate":0.011750286512081098,"standard_error":0.005808664574818548},"median":{"confidence_interval":{"confidence_level":0.95,"lower_bound":0.009323151261577234,"upper_bound":0.021006007909664885},"point_estimate":0.014350447492439855,"standard_error":0.0030237989375240734}}