{"mean":{"confidence_interval":{"confidence_level":0.95,"lower_bound":5006495342.365,"upper_bound":5444871537.5},"point_estimate":5192058158.2,"standard_error":114930940.62641568},"median":{"confidence_interval":{"confidence_level":0.95,"lower_bound":4940431375.0,"upper_bound":5316974458.0},"point_estimate":5069007520.5,"standard_error":114308853.84501423},"median_abs_dev":{"confidence_interval":{"confidence_level":0.95,"lower_bound":10156457.715886831,"upper_bound":424321132.495594},"point_estimate":190682000.32341778,"standard_error":134653307.43505767},"slope":null,"std_dev":{"confidence_interval":{"confidence_level":0.95,"lower_bound":114242575.46992098,"upper_bound":555354221.0662572},"point_estimate":382327805.35250735,"standard_error":132652063.28349386}}