{"mean":{"confidence_interval":{"confidence_level":0.95,"lower_bound":2253319.7087608688,"upper_bound":2281347.7250978258},"point_estimate":2267619.672173913,"standard_error":7176.322168625126},"median":{"confidence_interval":{"confidence_level":0.95,"lower_bound":2273130.4347826084,"upper_bound":2283134.9565217393},"point_estimate":2278390.3913043477,"standard_error":2297.4232215629045},"median_abs_dev":{"confidence_interval":{"confidence_level":0.95,"lower_bound":20025.800148819286,"upper_bound":50380.165244703545},"point_estimate":32378.146290390687,"standard_error":7446.898445218502},"slope":null,"std_dev":{"confidence_interval":{"confidence_level":0.95,"lower_bound":55474.38604666059,"upper_bound":86212.62029854346},"point_estimate":71911.38178638778,"standard_error":7815.612493833476}}