{"mean":{"confidence_interval":{"confidence_level":0.95,"lower_bound":474365948.65250003,"upper_bound":499664416.7},"point_estimate":484770525.0,"standard_error":6730914.742505778},"median":{"confidence_interval":{"confidence_level":0.95,"lower_bound":474021791.5,"upper_bound":485837875.0},"point_estimate":479922625.0,"standard_error":3436166.814931012},"median_abs_dev":{"confidence_interval":{"confidence_level":0.95,"lower_bound":884371.6255992651,"upper_bound":18665645.895957947},"point_estimate":8156955.933085084,"standard_error":4633408.881416908},"slope":null,"std_dev":{"confidence_interval":{"confidence_level":0.95,"lower_bound":4033728.1294995975,"upper_bound":33725441.98447557},"point_estimate":22457904.595319975,"standard_error":9267716.105863942}}