{"mean":{"confidence_interval":{"confidence_level":0.95,"lower_bound":526253916.5025,"upper_bound":540462279.4},"point_estimate":533989191.9,"standard_error":3676608.97125803},"median":{"confidence_interval":{"confidence_level":0.95,"lower_bound":524727334.0,"upper_bound":540998166.5},"point_estimate":538438083.5,"standard_error":4047380.6018352807},"median_abs_dev":{"confidence_interval":{"confidence_level":0.95,"lower_bound":756126.7278760672,"upper_bound":20327556.847813725},"point_estimate":3864705.212187767,"standard_error":5257866.438979041},"slope":null,"std_dev":{"confidence_interval":{"confidence_level":0.95,"lower_bound":4767648.399025172,"upper_bound":16426060.541030422},"point_estimate":12207006.178477146,"standard_error":3142294.546895323}}