{"mean":{"confidence_interval":{"confidence_level":0.95,"lower_bound":0.004574450260257237,"upper_bound":0.022180233712487438},"point_estimate":0.013549350325988696,"standard_error":0.004477449154804756},"median":{"confidence_interval":{"confidence_level":0.95,"lower_bound":0.00656701266767623,"upper_bound":0.013592278409638503},"point_estimate":0.01091762731096435,"standard_error":0.0017473879778357054}}