{"mean":{"confidence_interval":{"confidence_level":0.95,"lower_bound":9952848.149055555,"upper_bound":10153968.321620835},"point_estimate":10061193.77384127,"standard_error":51305.77220567203},"median":{"confidence_interval":{"confidence_level":0.95,"lower_bound":10024295.491666667,"upper_bound":10209933.325},"point_estimate":10034145.983928572,"standard_error":48804.22282040026},"median_abs_dev":{"confidence_interval":{"confidence_level":0.95,"lower_bound":2259.3235098874115,"upper_bound":300511.66165535053},"point_estimate":24833.524849116893,"standard_error":83314.41214276897},"slope":{"confidence_interval":{"confidence_level":0.95,"lower_bound":10029776.321243523,"upper_bound":10231050.289191052},"point_estimate":10168948.733506493,"standard_error":45465.82467949194},"std_dev":{"confidence_interval":{"confidence_level":0.95,"lower_bound":69856.82111719457,"upper_bound":240109.10827279754},"point_estimate":171631.4888012039,"standard_error":47971.34693162629}}