{"mean":{"confidence_interval":{"confidence_level":0.95,"lower_bound":806261256.4025,"upper_bound":828779049.8},"point_estimate":818338004.1,"standard_error":5744484.058263181},"median":{"confidence_interval":{"confidence_level":0.95,"lower_bound":797807834.0,"upper_bound":830926208.0},"point_estimate":828296645.5,"standard_error":8126234.215669687},"median_abs_dev":{"confidence_interval":{"confidence_level":0.95,"lower_bound":1163223.4764486551,"upper_bound":26346573.96685481},"point_estimate":5411983.609718084,"standard_error":7180466.7873913925},"slope":null,"std_dev":{"confidence_interval":{"confidence_level":0.95,"lower_bound":3311489.4430809445,"upper_bound":23689696.38476068},"point_estimate":19136966.418271255,"standard_error":4228829.68658689}}