{"mean":{"confidence_interval":{"confidence_level":0.95,"lower_bound":0.09157977931006629,"upper_bound":0.10816205401134735},"point_estimate":0.09957776171458055,"standard_error":0.004221054779966954},"median":{"confidence_interval":{"confidence_level":0.95,"lower_bound":0.08637944263285302,"upper_bound":0.09422685177663803},"point_estimate":0.08903775933182678,"standard_error":0.0019712649346892448}}