{"mean":{"confidence_interval":{"confidence_level":0.95,"lower_bound":-0.015836930359743068,"upper_bound":0.004827069009318124},"point_estimate":-0.005472101044775468,"standard_error":0.005268843939724033},"median":{"confidence_interval":{"confidence_level":0.95,"lower_bound":-0.008148528283053458,"upper_bound":0.002976636215977102},"point_estimate":-0.0014522494376699724,"standard_error":0.002761710019583234}}