{"mean":{"confidence_interval":{"confidence_level":0.95,"lower_bound":789002.3824834754,"upper_bound":797081.3651299598},"point_estimate":793121.9718646443,"standard_error":2066.972491526485},"median":{"confidence_interval":{"confidence_level":0.95,"lower_bound":796234.8698630137,"upper_bound":802716.3085106383},"point_estimate":801110.1033333333,"standard_error":1564.9933115828596},"median_abs_dev":{"confidence_interval":{"confidence_level":0.95,"lower_bound":9620.44965490096,"upper_bound":17141.65640981228},"point_estimate":12875.99252917957,"standard_error":1904.378495837111},"slope":{"confidence_interval":{"confidence_level":0.95,"lower_bound":789365.2656933446,"upper_bound":799550.741571851},"point_estimate":794625.8211703857,"standard_error":2601.5545795883563},"std_dev":{"confidence_interval":{"confidence_level":0.95,"lower_bound":17371.39070776368,"upper_bound":23625.33382109957},"point_estimate":20789.656719270402,"standard_error":1588.8441428466526}}