{"mean":{"confidence_interval":{"confidence_level":0.95,"lower_bound":0.01760575542916184,"upper_bound":0.05288045489963465},"point_estimate":0.03347563570358503,"standard_error":0.008859780342746856},"median":{"confidence_interval":{"confidence_level":0.95,"lower_bound":0.01734051092526112,"upper_bound":0.035755398585144205},"point_estimate":0.02694434491469533,"standard_error":0.00465308305838302}}