{"mean":{"confidence_interval":{"confidence_level":0.95,"lower_bound":838725542.955,"upper_bound":937501084.7375001},"point_estimate":873762662.5,"standard_error":29453735.0597597},"median":{"confidence_interval":{"confidence_level":0.95,"lower_bound":838488895.5,"upper_bound":852617708.5},"point_estimate":844940250.0,"standard_error":7300853.702250183},"median_abs_dev":{"confidence_interval":{"confidence_level":0.95,"lower_bound":874579.7940731049,"upper_bound":22047498.096978664},"point_estimate":5392494.833064079,"standard_error":10081878.018049724},"slope":null,"std_dev":{"confidence_interval":{"confidence_level":0.95,"lower_bound":5157791.062247978,"upper_bound":151010746.952075},"point_estimate":98298121.76536037,"standard_error":52601017.530733116}}