{"mean":{"confidence_interval":{"confidence_level":0.95,"lower_bound":2091.120534350712,"upper_bound":2105.152804607007},"point_estimate":2098.376452656502,"standard_error":3.6250742091775456},"median":{"confidence_interval":{"confidence_level":0.95,"lower_bound":2090.244098363258,"upper_bound":2103.5723317616803},"point_estimate":2100.8180533727036,"standard_error":2.736716660355906},"median_abs_dev":{"confidence_interval":{"confidence_level":0.95,"lower_bound":0.6601336930956386,"upper_bound":23.02624910541838},"point_estimate":4.505831408552102,"standard_error":5.532414433129171},"slope":{"confidence_interval":{"confidence_level":0.95,"lower_bound":2082.3661491142207,"upper_bound":2101.447271189913},"point_estimate":2090.1758843718553,"standard_error":5.030776554344497},"std_dev":{"confidence_interval":{"confidence_level":0.95,"lower_bound":2.714408646532787,"upper_bound":16.270828019720717},"point_estimate":12.058580910771727,"standard_error":2.9766646437919144}}