{"mean":{"confidence_interval":{"confidence_level":0.95,"lower_bound":-0.025166576252784095,"upper_bound":-0.00022207766612035798},"point_estimate":-0.014406462767819983,"standard_error":0.006407272082923801},"median":{"confidence_interval":{"confidence_level":0.95,"lower_bound":-0.027613422748896,"upper_bound":-0.010898147627307564},"point_estimate":-0.023039487098801548,"standard_error":0.004276365203774166}}