{"mean":{"confidence_interval":{"confidence_level":0.95,"lower_bound":0.018378883707052984,"upper_bound":0.039467516178619495},"point_estimate":0.02881256090257489,"standard_error":0.005376388565754674},"median":{"confidence_interval":{"confidence_level":0.95,"lower_bound":0.017907521803650742,"upper_bound":0.02905744346196748},"point_estimate":0.02479605293869125,"standard_error":0.0027427701591489387}}