{"mean":{"confidence_interval":{"confidence_level":0.95,"lower_bound":2377101.2817499996,"upper_bound":2412719.634431818},"point_estimate":2394183.6763636367,"standard_error":9113.743751410882},"median":{"confidence_interval":{"confidence_level":0.95,"lower_bound":2347846.590909091,"upper_bound":2383737.6818181816},"point_estimate":2369946.0227272725,"standard_error":11945.011487189517},"median_abs_dev":{"confidence_interval":{"confidence_level":0.95,"lower_bound":32944.31488784858,"upper_bound":61860.643200162915},"point_estimate":45130.84863058567,"standard_error":7125.116382603985},"slope":null,"std_dev":{"confidence_interval":{"confidence_level":0.95,"lower_bound":71332.28159017651,"upper_bound":106721.00221645807},"point_estimate":91197.90211540731,"standard_error":9026.510664732441}}