{"mean":{"confidence_interval":{"confidence_level":0.95,"lower_bound":3427432.9611294256,"upper_bound":3444113.618731685},"point_estimate":3434972.289261294,"standard_error":4285.322880917859},"median":{"confidence_interval":{"confidence_level":0.95,"lower_bound":3426852.0384615385,"upper_bound":3444513.177350427},"point_estimate":3429963.171153846,"standard_error":4030.6007643309654},"median_abs_dev":{"confidence_interval":{"confidence_level":0.95,"lower_bound":903.5958070346973,"upper_bound":21299.037557763553},"point_estimate":5452.971340498242,"standard_error":4845.141042493951},"slope":{"confidence_interval":{"confidence_level":0.95,"lower_bound":3427463.128066377,"upper_bound":3433801.8298361604},"point_estimate":3430610.799400599,"standard_error":1593.7372357289812},"std_dev":{"confidence_interval":{"confidence_level":0.95,"lower_bound":3559.0518390264465,"upper_bound":18206.327176246377},"point_estimate":14292.200821073366,"standard_error":3745.5303281760634}}