{"mean":{"confidence_interval":{"confidence_level":0.95,"lower_bound":834227529.1,"upper_bound":894010368.8475},"point_estimate":857410625.0,"standard_error":16499240.68590447},"median":{"confidence_interval":{"confidence_level":0.95,"lower_bound":829455042.0,"upper_bound":861431937.5},"point_estimate":839418479.0,"standard_error":9313234.452909457},"median_abs_dev":{"confidence_interval":{"confidence_level":0.95,"lower_bound":4381113.3155196905,"upper_bound":36304135.42918229},"point_estimate":19951100.251597166,"standard_error":9315495.149077972},"slope":null,"std_dev":{"confidence_interval":{"confidence_level":0.95,"lower_bound":9614138.855839483,"upper_bound":83324012.72143504},"point_estimate":54651209.040648445,"standard_error":24612470.775445577}}