{"mean":{"confidence_interval":{"confidence_level":0.95,"lower_bound":3191607.3584062504,"upper_bound":3231275.7946249996},"point_estimate":3211335.0025,"standard_error":10116.732805576969},"median":{"confidence_interval":{"confidence_level":0.95,"lower_bound":3222962.25,"upper_bound":3244169.3125},"point_estimate":3232239.59375,"standard_error":5724.412480140001},"median_abs_dev":{"confidence_interval":{"confidence_level":0.95,"lower_bound":27580.62198534608,"upper_bound":53977.8048729524},"point_estimate":36638.33486828953,"standard_error":6351.621144918017},"slope":null,"std_dev":{"confidence_interval":{"confidence_level":0.95,"lower_bound":77391.87371719927,"upper_bound":126464.10655173105},"point_estimate":101484.04618721119,"standard_error":12682.288745140924}}