{"mean":{"confidence_interval":{"confidence_level":0.95,"lower_bound":0.08204888304184071,"upper_bound":0.10049412960230045},"point_estimate":0.09142478120681341,"standard_error":0.004704171818251833},"median":{"confidence_interval":{"confidence_level":0.95,"lower_bound":0.08594000181147954,"upper_bound":0.1082658856136951},"point_estimate":0.09603337729935224,"standard_error":0.005643021716296464}}