{"mean":{"confidence_interval":{"confidence_level":0.95,"lower_bound":455294129.55625,"upper_bound":466777806.1},"point_estimate":460830201.95,"standard_error":2929269.408910267},"median":{"confidence_interval":{"confidence_level":0.95,"lower_bound":454587718.5,"upper_bound":467966229.0},"point_estimate":460273646.0,"standard_error":2815978.822526551},"median_abs_dev":{"confidence_interval":{"confidence_level":0.95,"lower_bound":324349.87884163857,"upper_bound":16560239.92139697},"point_estimate":9034686.252102256,"standard_error":4349276.716053779},"slope":null,"std_dev":{"confidence_interval":{"confidence_level":0.95,"lower_bound":4541933.355491039,"upper_bound":13101433.208936915},"point_estimate":9762846.787307784,"standard_error":2198352.7201705347}}