{"mean":{"confidence_interval":{"confidence_level":0.95,"lower_bound":-0.004765232956583336,"upper_bound":0.020301527253286888},"point_estimate":0.007537518955432532,"standard_error":0.006365753783865782},"median":{"confidence_interval":{"confidence_level":0.95,"lower_bound":0.0077033202399934275,"upper_bound":0.01826179489591384},"point_estimate":0.013778280623667039,"standard_error":0.002841579919568933}}