{"mean":{"confidence_interval":{"confidence_level":0.95,"lower_bound":34472607.57916667,"upper_bound":35350201.7},"point_estimate":34886886.851388894,"standard_error":225221.6985415522},"median":{"confidence_interval":{"confidence_level":0.95,"lower_bound":34345365.8125,"upper_bound":35355666.666666664},"point_estimate":34814527.66666667,"standard_error":266644.66091639444},"median_abs_dev":{"confidence_interval":{"confidence_level":0.95,"lower_bound":228444.87256928542,"upper_bound":1232915.0650113747},"point_estimate":742691.6540145837,"standard_error":253400.7028112401},"slope":{"confidence_interval":{"confidence_level":0.95,"lower_bound":34237368.21894549,"upper_bound":35142890.159722224},"point_estimate":34680971.82164502,"standard_error":234328.94727484626},"std_dev":{"confidence_interval":{"confidence_level":0.95,"lower_bound":365316.81131775386,"upper_bound":1004227.2781140296},"point_estimate":750586.6314173624,"standard_error":174284.2411970342}}