{"mean":{"confidence_interval":{"confidence_level":0.95,"lower_bound":0.0003212839578354439,"upper_bound":0.0494770426116842},"point_estimate":0.023353870346735306,"standard_error":0.012570479310141963},"median":{"confidence_interval":{"confidence_level":0.95,"lower_bound":-0.007309207419598174,"upper_bound":0.05452490967709256},"point_estimate":0.0179664076381576,"standard_error":0.014325905962475904}}