{"mean":{"confidence_interval":{"confidence_level":0.95,"lower_bound":-0.02327516775988574,"upper_bound":-0.005771637934288668},"point_estimate":-0.014247467095831468,"standard_error":0.004481326476555723},"median":{"confidence_interval":{"confidence_level":0.95,"lower_bound":-0.016315109030942975,"upper_bound":-0.00006408549226736173},"point_estimate":-0.007162829780714808,"standard_error":0.003704987616511857}}