{"mean":{"confidence_interval":{"confidence_level":0.95,"lower_bound":-0.023363481443377757,"upper_bound":-0.0032881290699482905},"point_estimate":-0.013543621017809149,"standard_error":0.005104720699618248},"median":{"confidence_interval":{"confidence_level":0.95,"lower_bound":-0.015626519292729346,"upper_bound":0.007248640739978044},"point_estimate":-0.003686319110143832,"standard_error":0.0051482855898617175}}