{"mean":{"confidence_interval":{"confidence_level":0.95,"lower_bound":0.004152986526307093,"upper_bound":0.030822688574707546},"point_estimate":0.017493620859892367,"standard_error":0.006804024082826628},"median":{"confidence_interval":{"confidence_level":0.95,"lower_bound":0.010707164697000981,"upper_bound":0.03062992440956469},"point_estimate":0.01841948849513697,"standard_error":0.004952032756866352}}