{"mean":{"confidence_interval":{"confidence_level":0.95,"lower_bound":0.03559794805610682,"upper_bound":0.07754222879340142},"point_estimate":0.05570127870012209,"standard_error":0.010729516831531992},"median":{"confidence_interval":{"confidence_level":0.95,"lower_bound":0.033625476248877906,"upper_bound":0.07307738267222463},"point_estimate":0.04525226130645077,"standard_error":0.01046452152159328}}