{"mean":{"confidence_interval":{"confidence_level":0.95,"lower_bound":2322388.0715227295,"upper_bound":2332521.413420456},"point_estimate":2327352.8650000007,"standard_error":2587.3101970897883},"median":{"confidence_interval":{"confidence_level":0.95,"lower_bound":2322291.6818181816,"upper_bound":2332673.295454546},"point_estimate":2327762.340909091,"standard_error":2917.3068881532718},"median_abs_dev":{"confidence_interval":{"confidence_level":0.95,"lower_bound":13608.717767487935,"upper_bound":24641.215907985483},"point_estimate":18677.08686386994,"standard_error":2978.4333336103077},"slope":null,"std_dev":{"confidence_interval":{"confidence_level":0.95,"lower_bound":21103.916963059775,"upper_bound":30438.989050606997},"point_estimate":26005.755304494345,"standard_error":2388.544016013833}}