{"mean":{"confidence_interval":{"confidence_level":0.95,"lower_bound":0.04962822106943158,"upper_bound":0.087544874445163},"point_estimate":0.07019492780823544,"standard_error":0.009779120803492336},"median":{"confidence_interval":{"confidence_level":0.95,"lower_bound":0.03955163578131793,"upper_bound":0.10044249476382383},"point_estimate":0.0871215187747234,"standard_error":0.016720524583406473}}