{"mean":{"confidence_interval":{"confidence_level":0.95,"lower_bound":-0.008205449698051783,"upper_bound":0.020528366748074286},"point_estimate":0.00462647199829247,"standard_error":0.00726296855033284},"median":{"confidence_interval":{"confidence_level":0.95,"lower_bound":-0.025917509037034457,"upper_bound":-0.0016027711762235386},"point_estimate":-0.013316422447445797,"standard_error":0.0058237798243624345}}