{"mean":{"confidence_interval":{"confidence_level":0.95,"lower_bound":1922267658.4,"upper_bound":2152280841.91},"point_estimate":2020652666.8,"standard_error":60024632.7833779},"median":{"confidence_interval":{"confidence_level":0.95,"lower_bound":1894845625.0,"upper_bound":2101791917.0},"point_estimate":1948712167.0,"standard_error":47684553.06668238},"median_abs_dev":{"confidence_interval":{"confidence_level":0.95,"lower_bound":20022914.42912221,"upper_bound":224878170.1989144},"point_estimate":88616915.94593525,"standard_error":54507634.13383796},"slope":null,"std_dev":{"confidence_interval":{"confidence_level":0.95,"lower_bound":43002833.95783865,"upper_bound":284312680.88299185},"point_estimate":200023966.52482176,"standard_error":68098975.1841069}}