{"mean":{"confidence_interval":{"confidence_level":0.95,"lower_bound":4374998.019958332,"upper_bound":4385892.503041667},"point_estimate":4380535.135833334,"standard_error":2784.109775696985},"median":{"confidence_interval":{"confidence_level":0.95,"lower_bound":4379718.75,"upper_bound":4386687.458333334},"point_estimate":4383691.0,"standard_error":1878.6011112038336},"median_abs_dev":{"confidence_interval":{"confidence_level":0.95,"lower_bound":11654.841943086114,"upper_bound":20761.58873140812},"point_estimate":14679.28411439038,"standard_error":2408.6835927169645},"slope":null,"std_dev":{"confidence_interval":{"confidence_level":0.95,"lower_bound":21651.02150054672,"upper_bound":33475.30733696873},"point_estimate":28008.868131252955,"standard_error":3018.2847770947133}}