{"mean":{"confidence_interval":{"confidence_level":0.95,"lower_bound":0.04095455163593871,"upper_bound":0.05736527868899337},"point_estimate":0.049032712187990324,"standard_error":0.004153745279114059},"median":{"confidence_interval":{"confidence_level":0.95,"lower_bound":0.033711611794530416,"upper_bound":0.047007212526181785},"point_estimate":0.040307849082410474,"standard_error":0.0035473107953804847}}