{"mean":{"confidence_interval":{"confidence_level":0.95,"lower_bound":2111.0981406316623,"upper_bound":2124.9289703397662},"point_estimate":2118.002099941671,"standard_error":3.526972538873611},"median":{"confidence_interval":{"confidence_level":0.95,"lower_bound":2110.0407253584463,"upper_bound":2112.535349883506},"point_estimate":2110.812301549876,"standard_error":0.679585041599623},"median_abs_dev":{"confidence_interval":{"confidence_level":0.95,"lower_bound":4.317521849218364,"upper_bound":45.32365596157096},"point_estimate":23.141159621700215,"standard_error":12.457978699788493},"slope":{"confidence_interval":{"confidence_level":0.95,"lower_bound":2103.1871474757145,"upper_bound":2128.172684906639},"point_estimate":2115.4647083604336,"standard_error":6.392398218371723},"std_dev":{"confidence_interval":{"confidence_level":0.95,"lower_bound":29.9960809364054,"upper_bound":40.2570942216572},"point_estimate":35.42493017393613,"standard_error":2.6202177348332905}}