{"mean":{"confidence_interval":{"confidence_level":0.95,"lower_bound":0.011966196162929878,"upper_bound":0.03460893851582971},"point_estimate":0.0235022046028166,"standard_error":0.005753618635397453},"median":{"confidence_interval":{"confidence_level":0.95,"lower_bound":0.017802504770240368,"upper_bound":0.02832168335389551},"point_estimate":0.02318238489405333,"standard_error":0.002558501986730426}}