{"mean":{"confidence_interval":{"confidence_level":0.95,"lower_bound":38206.380109421145,"upper_bound":38743.46092216288},"point_estimate":38448.73566073902,"standard_error":138.52353427507035},"median":{"confidence_interval":{"confidence_level":0.95,"lower_bound":38160.9606175947,"upper_bound":38781.39541254834},"point_estimate":38285.405087618776,"standard_error":140.75833382880737},"median_abs_dev":{"confidence_interval":{"confidence_level":0.95,"lower_bound":19.909154137302288,"upper_bound":681.1466350673721},"point_estimate":240.4392331185415,"standard_error":165.72004659159464},"slope":{"confidence_interval":{"confidence_level":0.95,"lower_bound":38122.21656199357,"upper_bound":38479.64071408578},"point_estimate":38251.214789679594,"standard_error":91.1470460001766},"std_dev":{"confidence_interval":{"confidence_level":0.95,"lower_bound":142.30735923881633,"upper_bound":606.1791799910555},"point_estimate":461.67879977576797,"standard_error":120.31189721153696}}