{"mean":{"confidence_interval":{"confidence_level":0.95,"lower_bound":608507908.47,"upper_bound":621725038.9300001},"point_estimate":616066100.0,"standard_error":3450942.050230403},"median":{"confidence_interval":{"confidence_level":0.95,"lower_bound":611113437.5,"upper_bound":623754292.0},"point_estimate":619105937.5,"standard_error":2747370.082048941},"median_abs_dev":{"confidence_interval":{"confidence_level":0.95,"lower_bound":870934.0807378292,"upper_bound":11845232.489705086},"point_estimate":5686728.658640385,"standard_error":3242944.1993593397},"slope":null,"std_dev":{"confidence_interval":{"confidence_level":0.95,"lower_bound":2644716.2094680085,"upper_bound":16113895.438431315},"point_estimate":11446278.461554548,"standard_error":3801391.2964452673}}