{"mean":{"confidence_interval":{"confidence_level":0.95,"lower_bound":6182252.4625625,"upper_bound":6218531.100218751},"point_estimate":6199155.31125,"standard_error":9252.022964105936},"median":{"confidence_interval":{"confidence_level":0.95,"lower_bound":6196265.625,"upper_bound":6204474.0},"point_estimate":6200380.1875,"standard_error":2099.3001003878317},"median_abs_dev":{"confidence_interval":{"confidence_level":0.95,"lower_bound":18100.039158035077,"upper_bound":46230.99298736078},"point_estimate":31180.930696427822,"standard_error":7544.636974251277},"slope":null,"std_dev":{"confidence_interval":{"confidence_level":0.95,"lower_bound":57570.56116804926,"upper_bound":128689.17363286414},"point_estimate":92923.34777478398,"standard_error":18861.560788621366}}