{"mean":{"confidence_interval":{"confidence_level":0.95,"lower_bound":-0.0376172703568436,"upper_bound":-0.024319448174680725},"point_estimate":-0.03103625422264633,"standard_error":0.0034026538572541577},"median":{"confidence_interval":{"confidence_level":0.95,"lower_bound":-0.04622960469005888,"upper_bound":-0.031176246541171904},"point_estimate":-0.041543604659221134,"standard_error":0.004384173058521681}}