{"mean":{"confidence_interval":{"confidence_level":0.95,"lower_bound":0.01617946752500268,"upper_bound":0.050071682854980655},"point_estimate":0.03488438910484759,"standard_error":0.00841496554988265},"median":{"confidence_interval":{"confidence_level":0.95,"lower_bound":0.0012924742949964596,"upper_bound":0.054922944423052567},"point_estimate":0.04817885768593322,"standard_error":0.013080504674233374}}