{"mean":{"confidence_interval":{"confidence_level":0.95,"lower_bound":3067970.84865625,"upper_bound":3102446.242375},"point_estimate":3085575.74875,"standard_error":8768.166120039328},"median":{"confidence_interval":{"confidence_level":0.95,"lower_bound":3087291.6875,"upper_bound":3115466.15625},"point_estimate":3100932.28125,"standard_error":6794.347216597182},"median_abs_dev":{"confidence_interval":{"confidence_level":0.95,"lower_bound":43564.902951568365,"upper_bound":72873.45698295622},"point_estimate":55535.739457793534,"standard_error":7609.211325206378},"slope":null,"std_dev":{"confidence_interval":{"confidence_level":0.95,"lower_bound":71117.21176457002,"upper_bound":103069.62543036454},"point_estimate":88117.57078038654,"standard_error":8172.488561419056}}