{"mean":{"confidence_interval":{"confidence_level":0.95,"lower_bound":-0.005261556379467936,"upper_bound":0.023908966483074192},"point_estimate":0.009246115278226608,"standard_error":0.007453771359238997},"median":{"confidence_interval":{"confidence_level":0.95,"lower_bound":0.0036971362961528698,"upper_bound":0.023392276953260405},"point_estimate":0.013551238084703598,"standard_error":0.004834022677717368}}