{"mean":{"confidence_interval":{"confidence_level":0.95,"lower_bound":0.03663678312546004,"upper_bound":0.060044989966592716},"point_estimate":0.04773917394788629,"standard_error":0.005987138348126777},"median":{"confidence_interval":{"confidence_level":0.95,"lower_bound":0.03496825397093817,"upper_bound":0.05713903635830042},"point_estimate":0.04559933774297131,"standard_error":0.005593214765941912}}