{"mean":{"confidence_interval":{"confidence_level":0.95,"lower_bound":2289887.2972727274,"upper_bound":2322745.8966022725},"point_estimate":2305747.0631818185,"standard_error":8405.531619507385},"median":{"confidence_interval":{"confidence_level":0.95,"lower_bound":2259966.8636363633,"upper_bound":2295049.227272727},"point_estimate":2270142.0454545454,"standard_error":9754.546570538398},"median_abs_dev":{"confidence_interval":{"confidence_level":0.95,"lower_bound":36963.84558921473,"upper_bound":79239.07188867977},"point_estimate":56768.416037613664,"standard_error":10960.533900221828},"slope":null,"std_dev":{"confidence_interval":{"confidence_level":0.95,"lower_bound":65252.91179624869,"upper_bound":102242.2043090047},"point_estimate":84624.99218512712,"standard_error":9477.76412912177}}