{"mean":{"confidence_interval":{"confidence_level":0.95,"lower_bound":-0.04213341751357142,"upper_bound":-0.018916912329374955},"point_estimate":-0.03057208230252295,"standard_error":0.0059236310893321185},"median":{"confidence_interval":{"confidence_level":0.95,"lower_bound":-0.010462637861429314,"upper_bound":0.00007470653128671678},"point_estimate":-0.005026077648364602,"standard_error":0.002704042696541314}}