{"mean":{"confidence_interval":{"confidence_level":0.95,"lower_bound":1862193041.7925,"upper_bound":1904886371.8825},"point_estimate":1880929395.7,"standard_error":11064296.748756664},"median":{"confidence_interval":{"confidence_level":0.95,"lower_bound":1854780291.0,"upper_bound":1895491041.5},"point_estimate":1869400812.5,"standard_error":9799347.014974985},"median_abs_dev":{"confidence_interval":{"confidence_level":0.95,"lower_bound":3596910.591942072,"upper_bound":49047866.7763263},"point_estimate":22035482.365491986,"standard_error":11850413.07360137},"slope":null,"std_dev":{"confidence_interval":{"confidence_level":0.95,"lower_bound":10216772.050240438,"upper_bound":51491084.53525603},"point_estimate":36978320.04831016,"standard_error":11292747.703334274}}