{"mean":{"confidence_interval":{"confidence_level":0.95,"lower_bound":35970275.28140476,"upper_bound":36875395.773333326},"point_estimate":36436592.53238095,"standard_error":229129.13947240912},"median":{"confidence_interval":{"confidence_level":0.95,"lower_bound":36253679.0,"upper_bound":36733189.25},"point_estimate":36391965.16666667,"standard_error":117604.4367324427},"median_abs_dev":{"confidence_interval":{"confidence_level":0.95,"lower_bound":20875.007629383486,"upper_bound":1183193.0602741197},"point_estimate":226939.08932102498,"standard_error":297631.5899699493},"slope":{"confidence_interval":{"confidence_level":0.95,"lower_bound":35971379.67829458,"upper_bound":37288922.03830729},"point_estimate":36653717.92813853,"standard_error":356128.23201909516},"std_dev":{"confidence_interval":{"confidence_level":0.95,"lower_bound":158452.9867535828,"upper_bound":1084426.3074113578},"point_estimate":759920.4959588632,"standard_error":228028.48884017955}}