{"mean":{"confidence_interval":{"confidence_level":0.95,"lower_bound":658054726.705,"upper_bound":663000555.4849999},"point_estimate":660422795.7,"standard_error":1262817.5210005997},"median":{"confidence_interval":{"confidence_level":0.95,"lower_bound":657344708.0,"upper_bound":662318750.0},"point_estimate":660419520.5,"standard_error":1075330.2672047059},"median_abs_dev":{"confidence_interval":{"confidence_level":0.95,"lower_bound":364688.4589254856,"upper_bound":6702371.168509126},"point_estimate":3210786.7025971413,"standard_error":1647630.0718298748},"slope":null,"std_dev":{"confidence_interval":{"confidence_level":0.95,"lower_bound":1643886.041512083,"upper_bound":5848534.305159048},"point_estimate":4193390.4519830844,"standard_error":1099315.6461932745}}