{"mean":{"confidence_interval":{"confidence_level":0.95,"lower_bound":1597436.6300084125,"upper_bound":1619026.4369978695},"point_estimate":1608197.4359601224,"standard_error":5521.046937370763},"median":{"confidence_interval":{"confidence_level":0.95,"lower_bound":1595713.6666666667,"upper_bound":1612877.1252354048},"point_estimate":1608269.6363636362,"standard_error":4029.4615577979043},"median_abs_dev":{"confidence_interval":{"confidence_level":0.95,"lower_bound":29762.191951615507,"upper_bound":52733.17825809701},"point_estimate":40015.858664576386,"standard_error":5379.251295100956},"slope":{"confidence_interval":{"confidence_level":0.95,"lower_bound":1602616.6042527768,"upper_bound":1636251.3260308893},"point_estimate":1619797.1028136546,"standard_error":8544.18972039484},"std_dev":{"confidence_interval":{"confidence_level":0.95,"lower_bound":46352.690627833734,"upper_bound":64139.758839220085},"point_estimate":55681.38131207405,"standard_error":4540.798788978144}}