{"mean":{"confidence_interval":{"confidence_level":0.95,"lower_bound":3565862.6721833334,"upper_bound":3611670.169433335},"point_estimate":3589214.4173333333,"standard_error":11685.458556736921},"median":{"confidence_interval":{"confidence_level":0.95,"lower_bound":3585047.2,"upper_bound":3612108.3333333335},"point_estimate":3598937.533333333,"standard_error":7879.225525053834},"median_abs_dev":{"confidence_interval":{"confidence_level":0.95,"lower_bound":41916.45934483365,"upper_bound":72952.17184484002},"point_estimate":53552.84538924646,"standard_error":8086.7535426012355},"slope":null,"std_dev":{"confidence_interval":{"confidence_level":0.95,"lower_bound":93093.2182348707,"upper_bound":139020.13277840227},"point_estimate":117681.7045793007,"standard_error":11704.321870091144}}