{"mean":{"confidence_interval":{"confidence_level":0.95,"lower_bound":0.046442977701622444,"upper_bound":0.06833216068400412},"point_estimate":0.0574773284984027,"standard_error":0.005549887237990045},"median":{"confidence_interval":{"confidence_level":0.95,"lower_bound":0.08265138634217095,"upper_bound":0.09193038856706377},"point_estimate":0.08669680223600174,"standard_error":0.0023994836119185475}}