{"mean":{"confidence_interval":{"confidence_level":0.95,"lower_bound":0.06128147645625398,"upper_bound":0.0815698174818338},"point_estimate":0.07274902525329696,"standard_error":0.0052558239240708465},"median":{"confidence_interval":{"confidence_level":0.95,"lower_bound":0.06214127183222673,"upper_bound":0.08753561601622128},"point_estimate":0.07800143621412037,"standard_error":0.006759908315079152}}