{"mean":{"confidence_interval":{"confidence_level":0.95,"lower_bound":-0.037729573545653414,"upper_bound":-0.016710396430457217},"point_estimate":-0.027350722319888554,"standard_error":0.005371257734626387},"median":{"confidence_interval":{"confidence_level":0.95,"lower_bound":-0.03261764505758746,"upper_bound":-0.007662737410437421},"point_estimate":-0.023880071384538404,"standard_error":0.006408352779182018}}