{"mean":{"confidence_interval":{"confidence_level":0.95,"lower_bound":3222132.720328125,"upper_bound":3270732.4068593746},"point_estimate":3245392.366875,"standard_error":12384.810123954729},"median":{"confidence_interval":{"confidence_level":0.95,"lower_bound":3238921.875,"upper_bound":3257011.71875},"point_estimate":3250683.59375,"standard_error":4732.363168246372},"median_abs_dev":{"confidence_interval":{"confidence_level":0.95,"lower_bound":29121.136020496488,"upper_bound":49869.7983333841},"point_estimate":37055.36244213581,"standard_error":5205.505707488878},"slope":null,"std_dev":{"confidence_interval":{"confidence_level":0.95,"lower_bound":87283.73525225351,"upper_bound":157193.5214981308},"point_estimate":124640.95745852283,"standard_error":17880.742225589853}}