{"mean":{"confidence_interval":{"confidence_level":0.95,"lower_bound":-0.02857956742345961,"upper_bound":-0.008128984880383822},"point_estimate":-0.018400215009975907,"standard_error":0.005223123731608718},"median":{"confidence_interval":{"confidence_level":0.95,"lower_bound":-0.005919272179454871,"upper_bound":0.0062357793457304},"point_estimate":0.00012186320847740184,"standard_error":0.003020166156649156}}