{"mean":{"confidence_interval":{"confidence_level":0.95,"lower_bound":0.025659084060286195,"upper_bound":0.05921990114531185},"point_estimate":0.042316763101656996,"standard_error":0.00859719345274601},"median":{"confidence_interval":{"confidence_level":0.95,"lower_bound":0.025119364281571466,"upper_bound":0.056486883092124796},"point_estimate":0.03566999285789518,"standard_error":0.00773428558212077}}