{"mean":{"confidence_interval":{"confidence_level":0.95,"lower_bound":0.08717688254829971,"upper_bound":0.1170035796863284},"point_estimate":0.10224145257025175,"standard_error":0.007689574745367775},"median":{"confidence_interval":{"confidence_level":0.95,"lower_bound":0.11537900996490613,"upper_bound":0.12499731676361914},"point_estimate":0.1208858289807917,"standard_error":0.00247460621974582}}