{"mean":{"confidence_interval":{"confidence_level":0.95,"lower_bound":4358935.827729166,"upper_bound":4398139.446354165},"point_estimate":4376766.84,"standard_error":10052.846402968851},"median":{"confidence_interval":{"confidence_level":0.95,"lower_bound":4363618.041666667,"upper_bound":4377746.541666666},"point_estimate":4371385.416666666,"standard_error":3403.765702665094},"median_abs_dev":{"confidence_interval":{"confidence_level":0.95,"lower_bound":18584.078706317123,"upper_bound":54192.17956289787},"point_estimate":28382.955671102958,"standard_error":9280.462537082434},"slope":null,"std_dev":{"confidence_interval":{"confidence_level":0.95,"lower_bound":49666.760645620925,"upper_bound":139211.24082046124},"point_estimate":101190.01032151523,"standard_error":21982.835263459667}}