{"mean":{"confidence_interval":{"confidence_level":0.95,"lower_bound":2422303603.9075,"upper_bound":2475200575.0},"point_estimate":2448394683.5,"standard_error":13511585.547669172},"median":{"confidence_interval":{"confidence_level":0.95,"lower_bound":2411962813.0,"upper_bound":2483363625.5},"point_estimate":2450845937.5,"standard_error":18754033.18721252},"median_abs_dev":{"confidence_interval":{"confidence_level":0.95,"lower_bound":6815265.226104856,"upper_bound":78303641.40693247},"point_estimate":43174360.91430187,"standard_error":17176230.160405993},"slope":null,"std_dev":{"confidence_interval":{"confidence_level":0.95,"lower_bound":25965487.824850034,"upper_bound":56152803.92565363},"point_estimate":44921362.181749046,"standard_error":7794853.332323019}}