{"mean":{"confidence_interval":{"confidence_level":0.95,"lower_bound":0.0636852521466598,"upper_bound":0.07874900079509393},"point_estimate":0.07235158576710154,"standard_error":0.003772697748496928},"median":{"confidence_interval":{"confidence_level":0.95,"lower_bound":0.07474788110022912,"upper_bound":0.09315999640250694},"point_estimate":0.08556216833664654,"standard_error":0.004187946633566556}}