{"mean":{"confidence_interval":{"confidence_level":0.95,"lower_bound":-0.0019008924387675413,"upper_bound":0.015722562444194423},"point_estimate":0.0066666047071668455,"standard_error":0.004508943536970981},"median":{"confidence_interval":{"confidence_level":0.95,"lower_bound":0.0008948244376676406,"upper_bound":0.013588968279406588},"point_estimate":0.007961812935933565,"standard_error":0.0031468149918168187}}