{"mean":{"confidence_interval":{"confidence_level":0.95,"lower_bound":0.11961085613399072,"upper_bound":0.15622796663259877},"point_estimate":0.1392073332573689,"standard_error":0.009480918518034735},"median":{"confidence_interval":{"confidence_level":0.95,"lower_bound":0.1275565260273248,"upper_bound":0.16503238165392942},"point_estimate":0.1558111592431104,"standard_error":0.010237214520227616}}