{"mean":{"confidence_interval":{"confidence_level":0.95,"lower_bound":63260499.16333334,"upper_bound":64000103.68508383},"point_estimate":63646900.660853185,"standard_error":189052.15773765114},"median":{"confidence_interval":{"confidence_level":0.95,"lower_bound":63178476.17857143,"upper_bound":64154214.11111111},"point_estimate":63711328.125,"standard_error":249074.80795405712},"median_abs_dev":{"confidence_interval":{"confidence_level":0.95,"lower_bound":125338.18104980169,"upper_bound":1067039.5560562536},"point_estimate":625132.0766916868,"standard_error":242678.42257712217},"slope":{"confidence_interval":{"confidence_level":0.95,"lower_bound":62961269.427170865,"upper_bound":64174828.53030303},"point_estimate":63594769.0961039,"standard_error":329312.26928402775},"std_dev":{"confidence_interval":{"confidence_level":0.95,"lower_bound":305100.72036432254,"upper_bound":784325.3354832999},"point_estimate":630216.103674687,"standard_error":120150.01762814856}}