{"mean":{"confidence_interval":{"confidence_level":0.95,"lower_bound":1598645.265581537,"upper_bound":1637475.440764701},"point_estimate":1617922.4266501057,"standard_error":9905.674578869284},"median":{"confidence_interval":{"confidence_level":0.95,"lower_bound":1619248.2972972973,"upper_bound":1630054.4818548388},"point_estimate":1626799.5614035088,"standard_error":2741.572987368141},"median_abs_dev":{"confidence_interval":{"confidence_level":0.95,"lower_bound":36286.118239424126,"upper_bound":118099.86997683768},"point_estimate":73352.85068836338,"standard_error":23588.574257375632},"slope":{"confidence_interval":{"confidence_level":0.95,"lower_bound":1616542.936811769,"upper_bound":1650556.5580711353},"point_estimate":1633946.6508792671,"standard_error":8637.07569025956},"std_dev":{"confidence_interval":{"confidence_level":0.95,"lower_bound":83937.6210880135,"upper_bound":115000.49275878647},"point_estimate":99595.04475881209,"standard_error":7946.110659808715}}