{"mean":{"confidence_interval":{"confidence_level":0.95,"lower_bound":1686537361.2525,"upper_bound":1786285607.3825},"point_estimate":1734387166.7,"standard_error":25456811.445546094},"median":{"confidence_interval":{"confidence_level":0.95,"lower_bound":1664450708.0,"upper_bound":1788141709.0},"point_estimate":1724019854.0,"standard_error":32164968.099172805},"median_abs_dev":{"confidence_interval":{"confidence_level":0.95,"lower_bound":13047558.799159527,"upper_bound":146080575.40655136},"point_estimate":91692137.41343915,"standard_error":31646212.35067043},"slope":null,"std_dev":{"confidence_interval":{"confidence_level":0.95,"lower_bound":43588190.64724882,"upper_bound":112209728.19930506},"point_estimate":84408946.00589038,"standard_error":18513392.191039335}}