{"mean":{"confidence_interval":{"confidence_level":0.95,"lower_bound":472532318.7,"upper_bound":489269018.0425},"point_estimate":478659529.1,"standard_error":4855234.056965036},"median":{"confidence_interval":{"confidence_level":0.95,"lower_bound":472121031.25,"upper_bound":476368250.0},"point_estimate":473462895.75,"standard_error":1587343.029857148},"median_abs_dev":{"confidence_interval":{"confidence_level":0.95,"lower_bound":517998.9331036806,"upper_bound":5707608.484719694},"point_estimate":2226401.847973466,"standard_error":1915103.947403766},"slope":null,"std_dev":{"confidence_interval":{"confidence_level":0.95,"lower_bound":1343099.2617563219,"upper_bound":24874862.187868055},"point_estimate":16195547.404084971,"standard_error":8222795.297138927}}