{"mean":{"confidence_interval":{"confidence_level":0.95,"lower_bound":1857587546.615,"upper_bound":1915758018.34},"point_estimate":1884540933.2,"standard_error":15029352.228341684},"median":{"confidence_interval":{"confidence_level":0.95,"lower_bound":1848122041.5,"upper_bound":1929596291.0},"point_estimate":1852289375.0,"standard_error":24000161.314326867},"median_abs_dev":{"confidence_interval":{"confidence_level":0.95,"lower_bound":826301.891130209,"upper_bound":79667077.40772665},"point_estimate":10875643.241518736,"standard_error":24135720.43775749},"slope":null,"std_dev":{"confidence_interval":{"confidence_level":0.95,"lower_bound":20775228.668003716,"upper_bound":60640091.41403277},"point_estimate":50134535.766030125,"standard_error":9778827.133530129}}