{"mean":{"confidence_interval":{"confidence_level":0.95,"lower_bound":2275205774.7,"upper_bound":2462278233.7175},"point_estimate":2371396370.7,"standard_error":48057705.4299037},"median":{"confidence_interval":{"confidence_level":0.95,"lower_bound":2181361166.0,"upper_bound":2538624250.0},"point_estimate":2400174583.0,"standard_error":76223864.43071163},"median_abs_dev":{"confidence_interval":{"confidence_level":0.95,"lower_bound":13150909.360724688,"upper_bound":268786448.49348664},"point_estimate":212480360.09691954,"standard_error":72118942.97685042},"slope":null,"std_dev":{"confidence_interval":{"confidence_level":0.95,"lower_bound":87468518.75809285,"upper_bound":189555106.15755594},"point_estimate":159820304.73570853,"standard_error":24532987.427818477}}