{"mean":{"confidence_interval":{"confidence_level":0.95,"lower_bound":5046749.909125,"upper_bound":5116187.607324999},"point_estimate":5079793.089,"standard_error":17741.223204073514},"median":{"confidence_interval":{"confidence_level":0.95,"lower_bound":4996177.1,"upper_bound":5038062.5},"point_estimate":5007975.0,"standard_error":10918.548251806444},"median_abs_dev":{"confidence_interval":{"confidence_level":0.95,"lower_bound":59878.58056694311,"upper_bound":109879.26467925351},"point_estimate":79936.82387083756,"standard_error":12933.994101537086},"slope":null,"std_dev":{"confidence_interval":{"confidence_level":0.95,"lower_bound":135992.22881368952,"upper_bound":214264.76434160786},"point_estimate":178141.2196405668,"standard_error":19933.023372391926}}