{"mean":{"confidence_interval":{"confidence_level":0.95,"lower_bound":0.016976755137845263,"upper_bound":0.048438629711682106},"point_estimate":0.031161372768409024,"standard_error":0.007963256994580354},"median":{"confidence_interval":{"confidence_level":0.95,"lower_bound":0.015462731347015035,"upper_bound":0.0370951644769284},"point_estimate":0.023934845979866504,"standard_error":0.005520644587165319}}