{"mean":{"confidence_interval":{"confidence_level":0.95,"lower_bound":0.0379152298829511,"upper_bound":0.09177379700870507},"point_estimate":0.0617572156599413,"standard_error":0.014078936610172918},"median":{"confidence_interval":{"confidence_level":0.95,"lower_bound":0.0270099852556156,"upper_bound":0.08007503178153219},"point_estimate":0.04570560381681821,"standard_error":0.015419491280701358}}