{"mean":{"confidence_interval":{"confidence_level":0.95,"lower_bound":1748871162.4,"upper_bound":1782815041.6},"point_estimate":1764776095.7,"standard_error":8694015.21955157},"median":{"confidence_interval":{"confidence_level":0.95,"lower_bound":1742082083.0,"upper_bound":1774892792.0},"point_estimate":1765057541.5,"standard_error":7972458.747305197},"median_abs_dev":{"confidence_interval":{"confidence_level":0.95,"lower_bound":1624310.5856627226,"upper_bound":47065878.20571363},"point_estimate":14604258.378222585,"standard_error":11633651.667345338},"slope":null,"std_dev":{"confidence_interval":{"confidence_level":0.95,"lower_bound":9075933.09567567,"upper_bound":40233984.075721234},"point_estimate":29032588.479364075,"standard_error":8010645.322160348}}