{"mean":{"confidence_interval":{"confidence_level":0.95,"lower_bound":1454818135.4975,"upper_bound":1476048404.4},"point_estimate":1465440670.8,"standard_error":5447864.580302049},"median":{"confidence_interval":{"confidence_level":0.95,"lower_bound":1445524125.0,"upper_bound":1481393312.5},"point_estimate":1467323062.5,"standard_error":9681057.202919729},"median_abs_dev":{"confidence_interval":{"confidence_level":0.95,"lower_bound":2298895.797586441,"upper_bound":30247417.553400993},"point_estimate":22403877.32435167,"standard_error":7135312.907794176},"slope":null,"std_dev":{"confidence_interval":{"confidence_level":0.95,"lower_bound":11671461.594290707,"upper_bound":21491451.51194053},"point_estimate":18139081.499927204,"standard_error":2518049.445941977}}