{"mean":{"confidence_interval":{"confidence_level":0.95,"lower_bound":0.0042674713438910624,"upper_bound":0.05498590419553001},"point_estimate":0.028568385830009202,"standard_error":0.013060397069040924},"median":{"confidence_interval":{"confidence_level":0.95,"lower_bound":-0.001115966122895884,"upper_bound":0.07965065673338279},"point_estimate":0.015162393684445608,"standard_error":0.023404641201537985}}