{"mean":{"confidence_interval":{"confidence_level":0.95,"lower_bound":1924254583.3,"upper_bound":1960250116.7},"point_estimate":1942339166.7,"standard_error":9170712.324388059},"median":{"confidence_interval":{"confidence_level":0.95,"lower_bound":1921312709.0,"upper_bound":1966109541.5},"point_estimate":1946947770.5,"standard_error":10827436.133042213},"median_abs_dev":{"confidence_interval":{"confidence_level":0.95,"lower_bound":2764029.663428664,"upper_bound":49719822.5971967},"point_estimate":33170053.538113832,"standard_error":14107763.904270392},"slope":null,"std_dev":{"confidence_interval":{"confidence_level":0.95,"lower_bound":14910318.86976321,"upper_bound":39842919.67134687},"point_estimate":30642777.129989192,"standard_error":6193828.696760333}}