{"mean":{"confidence_interval":{"confidence_level":0.95,"lower_bound":3924519.177519232,"upper_bound":3949528.3632499995},"point_estimate":3936304.1992307706,"standard_error":6400.263075052287},"median":{"confidence_interval":{"confidence_level":0.95,"lower_bound":3926173.076923077,"upper_bound":3929581.730769231},"point_estimate":3927916.6923076925,"standard_error":767.0481901566783},"median_abs_dev":{"confidence_interval":{"confidence_level":0.95,"lower_bound":6933.036638452483,"upper_bound":13566.760577025982},"point_estimate":10328.304624328724,"standard_error":1656.5957161852264},"slope":null,"std_dev":{"confidence_interval":{"confidence_level":0.95,"lower_bound":42567.343353755685,"upper_bound":82831.81164310127},"point_estimate":64189.79798289931,"standard_error":10344.27343808761}}