{"mean":{"confidence_interval":{"confidence_level":0.95,"lower_bound":2304377482.0,"upper_bound":2348839928.9},"point_estimate":2326179191.6,"standard_error":11397101.852886721},"median":{"confidence_interval":{"confidence_level":0.95,"lower_bound":2287352166.0,"upper_bound":2353116937.5},"point_estimate":2331328562.5,"standard_error":20695304.486725308},"median_abs_dev":{"confidence_interval":{"confidence_level":0.95,"lower_bound":2028597.0659852028,"upper_bound":72849896.6624558},"point_estimate":50602650.836223364,"standard_error":19388860.856313054},"slope":null,"std_dev":{"confidence_interval":{"confidence_level":0.95,"lower_bound":23761659.814092625,"upper_bound":47520392.132208064},"point_estimate":37954525.911429554,"standard_error":6447522.50794314}}