{"mean":{"confidence_interval":{"confidence_level":0.95,"lower_bound":-0.005874599299992935,"upper_bound":0.013025898881187223},"point_estimate":0.003835263990777271,"standard_error":0.00483230142931972},"median":{"confidence_interval":{"confidence_level":0.95,"lower_bound":-0.004801536720294375,"upper_bound":0.02201640904336033},"point_estimate":0.008446145976440889,"standard_error":0.006417023423799722}}