{"mean":{"confidence_interval":{"confidence_level":0.95,"lower_bound":0.007628955790934944,"upper_bound":0.04505890899164301},"point_estimate":0.02578027059825061,"standard_error":0.009525171526275486},"median":{"confidence_interval":{"confidence_level":0.95,"lower_bound":0.0005186111059682919,"upper_bound":0.038547276196321034},"point_estimate":0.027043302832060467,"standard_error":0.008776217422349915}}