{"mean":{"confidence_interval":{"confidence_level":0.95,"lower_bound":809491720.6,"upper_bound":876671668.6699998},"point_estimate":835987645.8,"standard_error":18369227.23339834},"median":{"confidence_interval":{"confidence_level":0.95,"lower_bound":805292604.0,"upper_bound":841893833.0},"point_estimate":815852583.5,"standard_error":8650334.974948248},"median_abs_dev":{"confidence_interval":{"confidence_level":0.95,"lower_bound":4491999.9327510595,"upper_bound":41994275.08705258},"point_estimate":14861768.202450871,"standard_error":10848882.398677375},"slope":null,"std_dev":{"confidence_interval":{"confidence_level":0.95,"lower_bound":8344446.039402752,"upper_bound":92613751.45320731},"point_estimate":61379916.17557958,"standard_error":26766666.625084814}}