{"mean":{"confidence_interval":{"confidence_level":0.95,"lower_bound":-0.034556172895087806,"upper_bound":-0.010847256848328485},"point_estimate":-0.02225082656795241,"standard_error":0.006077862972010491},"median":{"confidence_interval":{"confidence_level":0.95,"lower_bound":-0.01290055924614486,"upper_bound":-0.00018812437862647524},"point_estimate":-0.006167899532926291,"standard_error":0.003461358749210173}}