{"mean":{"confidence_interval":{"confidence_level":0.95,"lower_bound":29810.850362612746,"upper_bound":30153.4637947381},"point_estimate":29979.00204753197,"standard_error":87.15698839155363},"median":{"confidence_interval":{"confidence_level":0.95,"lower_bound":30100.299242424244,"upper_bound":30246.62285505659},"point_estimate":30174.709013652508,"standard_error":41.5891104909097},"median_abs_dev":{"confidence_interval":{"confidence_level":0.95,"lower_bound":208.27690775553128,"upper_bound":421.0693569509533},"point_estimate":310.6001554189266,"standard_error":60.22372334979663},"slope":{"confidence_interval":{"confidence_level":0.95,"lower_bound":29776.965512468774,"upper_bound":30149.069691873992},"point_estimate":29958.14398000994,"standard_error":94.68180456823913},"std_dev":{"confidence_interval":{"confidence_level":0.95,"lower_bound":637.0058950918238,"upper_bound":1120.358120025047},"point_estimate":877.4901814302842,"standard_error":125.635853878384}}