{"mean":{"confidence_interval":{"confidence_level":0.95,"lower_bound":1871016692.835,"upper_bound":1898495139.4},"point_estimate":1883437033.4,"standard_error":7069027.111427712},"median":{"confidence_interval":{"confidence_level":0.95,"lower_bound":1865662667.0,"upper_bound":1893175916.0},"point_estimate":1881728875.0,"standard_error":8076575.6320352815},"median_abs_dev":{"confidence_interval":{"confidence_level":0.95,"lower_bound":4553248.361563683,"upper_bound":36195885.15269458},"point_estimate":18713407.26107061,"standard_error":7535956.793864073},"slope":null,"std_dev":{"confidence_interval":{"confidence_level":0.95,"lower_bound":10430583.666221224,"upper_bound":33027281.367021658},"point_estimate":23649111.9376302,"standard_error":6696358.421003784}}