{"mean":{"confidence_interval":{"confidence_level":0.95,"lower_bound":-0.08828617058008077,"upper_bound":0.01180335313772466},"point_estimate":-0.04098573722466048,"standard_error":0.02557616736516487},"median":{"confidence_interval":{"confidence_level":0.95,"lower_bound":-0.1024656180532324,"upper_bound":-0.0052071869932771506},"point_estimate":-0.07453733300407916,"standard_error":0.03602697443973982}}