{"mean":{"confidence_interval":{"confidence_level":0.95,"lower_bound":711035236.2700001,"upper_bound":732712283.4},"point_estimate":719882579.0,"standard_error":5771959.951637971},"median":{"confidence_interval":{"confidence_level":0.95,"lower_bound":708106833.0,"upper_bound":722160083.0},"point_estimate":716907395.5,"standard_error":3551762.2960019545},"median_abs_dev":{"confidence_interval":{"confidence_level":0.95,"lower_bound":1457025.86543262,"upper_bound":17095706.106090546},"point_estimate":9849497.993436456,"standard_error":4337024.545715268},"slope":null,"std_dev":{"confidence_interval":{"confidence_level":0.95,"lower_bound":4930191.749347289,"upper_bound":28877669.820117168},"point_estimate":19238047.886979796,"standard_error":7781251.459571976}}