{"mean":{"confidence_interval":{"confidence_level":0.95,"lower_bound":567.8059887969256,"upper_bound":576.8165885905618},"point_estimate":572.2068928745584,"standard_error":2.2983798561127324},"median":{"confidence_interval":{"confidence_level":0.95,"lower_bound":559.9749736685442,"upper_bound":568.6913399035436},"point_estimate":562.4473544314804,"standard_error":2.279110477041555},"median_abs_dev":{"confidence_interval":{"confidence_level":0.95,"lower_bound":10.775398935924837,"upper_bound":24.4344500904207},"point_estimate":15.385644450343493,"standard_error":3.5584994452605265},"slope":{"confidence_interval":{"confidence_level":0.95,"lower_bound":568.2289057083758,"upper_bound":582.3831716752899},"point_estimate":574.9162015256054,"standard_error":3.615927509098008},"std_dev":{"confidence_interval":{"confidence_level":0.95,"lower_bound":19.280310862746028,"upper_bound":26.776786214441085},"point_estimate":23.13374653400556,"standard_error":1.915884541222353}}