{"mean":{"confidence_interval":{"confidence_level":0.95,"lower_bound":-0.03713061903272677,"upper_bound":-0.002815819878785235},"point_estimate":-0.019140886375195842,"standard_error":0.00874881460794261},"median":{"confidence_interval":{"confidence_level":0.95,"lower_bound":-0.02005944524534664,"upper_bound":-0.00324659200725173},"point_estimate":-0.011955587413912783,"standard_error":0.004348062733412669}}