{"mean":{"confidence_interval":{"confidence_level":0.95,"lower_bound":0.02674745954334985,"upper_bound":0.05422460091300997},"point_estimate":0.039291556985577625,"standard_error":0.006987460910304783},"median":{"confidence_interval":{"confidence_level":0.95,"lower_bound":0.02378044584568917,"upper_bound":0.045224389978434365},"point_estimate":0.035111410178180646,"standard_error":0.005492546714535325}}