{"mean":{"confidence_interval":{"confidence_level":0.95,"lower_bound":653992895.8,"upper_bound":666165118.225},"point_estimate":661228008.3,"standard_error":3245415.457588242},"median":{"confidence_interval":{"confidence_level":0.95,"lower_bound":658611667.0,"upper_bound":667542583.0},"point_estimate":664645541.5,"standard_error":2076214.5921618082},"median_abs_dev":{"confidence_interval":{"confidence_level":0.95,"lower_bound":536825.7288694382,"upper_bound":8332119.1895753145},"point_estimate":3729078.4491956234,"standard_error":2397692.1723338547},"slope":null,"std_dev":{"confidence_interval":{"confidence_level":0.95,"lower_bound":1858674.919276215,"upper_bound":16056977.337472372},"point_estimate":10813748.780295687,"standard_error":4342754.869436291}}