{"mean":{"confidence_interval":{"confidence_level":0.95,"lower_bound":41458997.081100196,"upper_bound":42782149.5431541},"point_estimate":42100975.888161376,"standard_error":338504.4855104248},"median":{"confidence_interval":{"confidence_level":0.95,"lower_bound":41436636.9047619,"upper_bound":42689874.45833333},"point_estimate":42024912.14814815,"standard_error":370645.9560002185},"median_abs_dev":{"confidence_interval":{"confidence_level":0.95,"lower_bound":175042.06011988185,"upper_bound":1920039.285904986},"point_estimate":881207.4324954435,"standard_error":418932.0145143997},"slope":{"confidence_interval":{"confidence_level":0.95,"lower_bound":41221490.95734127,"upper_bound":42325447.21057601},"point_estimate":41827160.29090909,"standard_error":283633.10376230755},"std_dev":{"confidence_interval":{"confidence_level":0.95,"lower_bound":487148.00585071853,"upper_bound":1530491.0772566132},"point_estimate":1129585.7148288907,"standard_error":273083.4674378765}}