{"mean":{"confidence_interval":{"confidence_level":0.95,"lower_bound":2060964500.3,"upper_bound":2152043666.5525},"point_estimate":2101490012.7,"standard_error":23512397.316657823},"median":{"confidence_interval":{"confidence_level":0.95,"lower_bound":2050843292.0,"upper_bound":2141923146.0},"point_estimate":2068965563.0,"standard_error":20664599.338302724},"median_abs_dev":{"confidence_interval":{"confidence_level":0.95,"lower_bound":2368360.054153204,"upper_bound":104619883.60222578},"point_estimate":28246834.955218434,"standard_error":24164301.40886692},"slope":null,"std_dev":{"confidence_interval":{"confidence_level":0.95,"lower_bound":11846419.109724415,"upper_bound":104417075.22787343},"point_estimate":78756963.32347871,"standard_error":23610885.99476431}}