{"mean":{"confidence_interval":{"confidence_level":0.95,"lower_bound":-0.04203392833625526,"upper_bound":-0.021943887396392997},"point_estimate":-0.03224911589400592,"standard_error":0.005133452188222188},"median":{"confidence_interval":{"confidence_level":0.95,"lower_bound":-0.03816374243118492,"upper_bound":-0.007894066752720752},"point_estimate":-0.015376659542887805,"standard_error":0.0075930139292396375}}