{"mean":{"confidence_interval":{"confidence_level":0.95,"lower_bound":2290106.227693182,"upper_bound":2304043.137340909},"point_estimate":2296991.2109090905,"standard_error":3557.1012328975175},"median":{"confidence_interval":{"confidence_level":0.95,"lower_bound":2271621.227272727,"upper_bound":2307069.1363636362},"point_estimate":2281296.3863636362,"standard_error":10822.039517268639},"median_abs_dev":{"confidence_interval":{"confidence_level":0.95,"lower_bound":15717.547752775803,"upper_bound":52065.103489295754},"point_estimate":30587.048320607453,"standard_error":11266.769175271365},"slope":null,"std_dev":{"confidence_interval":{"confidence_level":0.95,"lower_bound":32096.96206389983,"upper_bound":39158.89647582899},"point_estimate":35787.764709256575,"standard_error":1801.2437323157724}}