{"mean":{"confidence_interval":{"confidence_level":0.95,"lower_bound":14356841834.0725,"upper_bound":14431072462.5},"point_estimate":14393764441.5,"standard_error":18992312.121374708},"median":{"confidence_interval":{"confidence_level":0.95,"lower_bound":14332652083.0,"upper_bound":14434577083.5},"point_estimate":14407172124.5,"standard_error":30341728.612659182},"median_abs_dev":{"confidence_interval":{"confidence_level":0.95,"lower_bound":2583985.6878250837,"upper_bound":114529673.74749184},"point_estimate":57690343.06619167,"standard_error":28235484.258190088},"slope":null,"std_dev":{"confidence_interval":{"confidence_level":0.95,"lower_bound":37253889.661872156,"upper_bound":79627141.46402435},"point_estimate":63009447.19869478,"standard_error":10941303.122696923}}