{"mean":{"confidence_interval":{"confidence_level":0.95,"lower_bound":2151385.939902173,"upper_bound":2176622.404586957},"point_estimate":2164208.460434783,"standard_error":6402.6993881683575},"median":{"confidence_interval":{"confidence_level":0.95,"lower_bound":2182907.6086956523,"upper_bound":2196237.347826087},"point_estimate":2191255.4347826084,"standard_error":3588.5067624410813},"median_abs_dev":{"confidence_interval":{"confidence_level":0.95,"lower_bound":27438.832247646005,"upper_bound":51758.1154157837},"point_estimate":38070.84673280363,"standard_error":6541.662780278965},"slope":null,"std_dev":{"confidence_interval":{"confidence_level":0.95,"lower_bound":55848.45305492279,"upper_bound":71232.85780297099},"point_estimate":64327.27679155754,"standard_error":3901.285459954845}}