{"mean":{"confidence_interval":{"confidence_level":0.95,"lower_bound":0.010797895872751135,"upper_bound":0.03413649964853503},"point_estimate":0.022733275521587437,"standard_error":0.005886438367046766},"median":{"confidence_interval":{"confidence_level":0.95,"lower_bound":0.014747348113671288,"upper_bound":0.045870768443059706},"point_estimate":0.026555315472361007,"standard_error":0.0068086027407202425}}