{"mean":{"confidence_interval":{"confidence_level":0.95,"lower_bound":151.07667964128498,"upper_bound":152.4608131476597},"point_estimate":151.754964463221,"standard_error":0.35415660380345143},"median":{"confidence_interval":{"confidence_level":0.95,"lower_bound":149.79246525409778,"upper_bound":151.2274116895028},"point_estimate":150.44594755256634,"standard_error":0.38858143412837215},"median_abs_dev":{"confidence_interval":{"confidence_level":0.95,"lower_bound":1.7505538962866258,"upper_bound":3.6189706453487718},"point_estimate":2.7082110158537662,"standard_error":0.5131964705982316},"slope":{"confidence_interval":{"confidence_level":0.95,"lower_bound":152.92179958463905,"upper_bound":155.00239472029233},"point_estimate":154.028659825993,"standard_error":0.5315771014141377},"std_dev":{"confidence_interval":{"confidence_level":0.95,"lower_bound":3.0843932379880665,"upper_bound":3.9495353365685175},"point_estimate":3.564811333847293,"standard_error":0.2207781325422562}}