{"mean":{"confidence_interval":{"confidence_level":0.95,"lower_bound":449216469.5675,"upper_bound":480086292.45},"point_estimate":461027331.25,"standard_error":8600861.458187705},"median":{"confidence_interval":{"confidence_level":0.95,"lower_bound":451405229.5,"upper_bound":457102218.75},"point_estimate":453753604.0,"standard_error":2830525.7572147152},"median_abs_dev":{"confidence_interval":{"confidence_level":0.95,"lower_bound":503249.6579155326,"upper_bound":15152696.57138586},"point_estimate":3761509.952969849,"standard_error":3919907.2778588785},"slope":null,"std_dev":{"confidence_interval":{"confidence_level":0.95,"lower_bound":2427010.959808436,"upper_bound":43869870.711157516},"point_estimate":28598452.813298445,"standard_error":13801408.64199837}}