{"mean":{"confidence_interval":{"confidence_level":0.95,"lower_bound":0.028504502514154748,"upper_bound":0.055808811566035676},"point_estimate":0.04297964961148604,"standard_error":0.006993176663812954},"median":{"confidence_interval":{"confidence_level":0.95,"lower_bound":0.032666669131072634,"upper_bound":0.05875008446402474},"point_estimate":0.053184373006371466,"standard_error":0.007285470236174351}}