{"mean":{"confidence_interval":{"confidence_level":0.95,"lower_bound":667.0623704030163,"upper_bound":678.9472423986857},"point_estimate":673.7379584017941,"standard_error":3.1020238799800874},"median":{"confidence_interval":{"confidence_level":0.95,"lower_bound":669.734951231293,"upper_bound":680.3319933624699},"point_estimate":679.3589680666246,"standard_error":3.621085701342626},"median_abs_dev":{"confidence_interval":{"confidence_level":0.95,"lower_bound":0.36248541962862063,"upper_bound":14.496175211124944},"point_estimate":1.863573857699631,"standard_error":3.980390073222557},"slope":{"confidence_interval":{"confidence_level":0.95,"lower_bound":665.1040002181419,"upper_bound":678.8243754995083},"point_estimate":673.0512129093707,"standard_error":3.4752925953577836},"std_dev":{"confidence_interval":{"confidence_level":0.95,"lower_bound":3.315708697061166,"upper_bound":14.993973783721854},"point_estimate":10.36741109661481,"standard_error":3.51946498387889}}