{"mean":{"confidence_interval":{"confidence_level":0.95,"lower_bound":0.07476277964915326,"upper_bound":0.09617249565229809},"point_estimate":0.085229700751138,"standard_error":0.005446159892433483},"median":{"confidence_interval":{"confidence_level":0.95,"lower_bound":0.0796010427440208,"upper_bound":0.09378990280593857},"point_estimate":0.09043753571217716,"standard_error":0.0035153701904925318}}