{"mean":{"confidence_interval":{"confidence_level":0.95,"lower_bound":2352854.4858977273,"upper_bound":2381624.983238636},"point_estimate":2367540.7949999995,"standard_error":7345.06250547588},"median":{"confidence_interval":{"confidence_level":0.95,"lower_bound":2367568.1818181816,"upper_bound":2386316.2727272725},"point_estimate":2376880.6818181816,"standard_error":4907.4220559856385},"median_abs_dev":{"confidence_interval":{"confidence_level":0.95,"lower_bound":28641.13585515465,"upper_bound":46499.72644719192},"point_estimate":36301.224487342835,"standard_error":4599.334672409119},"slope":null,"std_dev":{"confidence_interval":{"confidence_level":0.95,"lower_bound":57977.90174427988,"upper_bound":87503.8472983499},"point_estimate":73896.98445707184,"standard_error":7529.379546958371}}