{"mean":{"confidence_interval":{"confidence_level":0.95,"lower_bound":-0.06892648592241934,"upper_bound":0.08287933380147926},"point_estimate":0.024739034303212115,"standard_error":0.04689223148574236},"median":{"confidence_interval":{"confidence_level":0.95,"lower_bound":0.08734580804678876,"upper_bound":0.10378407400226586},"point_estimate":0.09638453358821875,"standard_error":0.003922257881212158}}