{"mean":{"confidence_interval":{"confidence_level":0.95,"lower_bound":4155564.6972115375,"upper_bound":4220883.572134615},"point_estimate":4187535.9269230757,"standard_error":16730.964931816874},"median":{"confidence_interval":{"confidence_level":0.95,"lower_bound":4170448.769230769,"upper_bound":4195519.230769231},"point_estimate":4188099.346153846,"standard_error":5072.754952351658},"median_abs_dev":{"confidence_interval":{"confidence_level":0.95,"lower_bound":31823.609273479855,"upper_bound":51301.836658441265},"point_estimate":38554.727200131885,"standard_error":4833.212608361962},"slope":null,"std_dev":{"confidence_interval":{"confidence_level":0.95,"lower_bound":120791.06881711796,"upper_bound":209247.10651165957},"point_estimate":167875.90562417172,"standard_error":22651.902779025888}}