{"mean":{"confidence_interval":{"confidence_level":0.95,"lower_bound":-0.003458161875840189,"upper_bound":0.03202874878963276},"point_estimate":0.013127245435643475,"standard_error":0.00909125186584888},"median":{"confidence_interval":{"confidence_level":0.95,"lower_bound":-0.0013057629781948465,"upper_bound":0.012187607174012127},"point_estimate":0.004898571769852866,"standard_error":0.0035208540242017685}}