{"mean":{"confidence_interval":{"confidence_level":0.95,"lower_bound":1978672.32653846,"upper_bound":1999397.003076924},"point_estimate":1989452.437307692,"standard_error":5294.015207037027},"median":{"confidence_interval":{"confidence_level":0.95,"lower_bound":2005397.423076923,"upper_bound":2012181.8846153845},"point_estimate":2010217.1346153845,"standard_error":1469.2325254361308},"median_abs_dev":{"confidence_interval":{"confidence_level":0.95,"lower_bound":9034.5935896039,"upper_bound":19832.112594063572},"point_estimate":13246.004349451878,"standard_error":2710.3518657053232},"slope":null,"std_dev":{"confidence_interval":{"confidence_level":0.95,"lower_bound":42175.73968224684,"upper_bound":61381.282278432205},"point_estimate":53024.54512613956,"standard_error":4921.042279368731}}