{"mean":{"confidence_interval":{"confidence_level":0.95,"lower_bound":1147.5211665193283,"upper_bound":1159.505171167827},"point_estimate":1153.6411027406666,"standard_error":3.0554768838858832},"median":{"confidence_interval":{"confidence_level":0.95,"lower_bound":1147.4499951259222,"upper_bound":1160.8695373123667},"point_estimate":1154.4576602641378,"standard_error":3.3023926217302964},"median_abs_dev":{"confidence_interval":{"confidence_level":0.95,"lower_bound":2.0089055739145256,"upper_bound":17.304891104279765},"point_estimate":8.34897326654728,"standard_error":3.8580669908766123},"slope":{"confidence_interval":{"confidence_level":0.95,"lower_bound":1140.6636305197742,"upper_bound":1157.22869279696},"point_estimate":1147.7339364993547,"standard_error":4.285438610620052},"std_dev":{"confidence_interval":{"confidence_level":0.95,"lower_bound":4.804012079467626,"upper_bound":13.625316811646092},"point_estimate":10.175050020740846,"standard_error":2.237673741479143}}