{"mean":{"confidence_interval":{"confidence_level":0.95,"lower_bound":642434908.7475,"upper_bound":665984320.7},"point_estimate":652684850.0,"standard_error":6115829.036823676},"median":{"confidence_interval":{"confidence_level":0.95,"lower_bound":640693500.0,"upper_bound":664017834.0},"point_estimate":643654271.0,"standard_error":6708045.414711967},"median_abs_dev":{"confidence_interval":{"confidence_level":0.95,"lower_bound":526878.9656460285,"upper_bound":27383993.64643693},"point_estimate":10075441.040325165,"standard_error":7496241.157162638},"slope":null,"std_dev":{"confidence_interval":{"confidence_level":0.95,"lower_bound":7295424.766989685,"upper_bound":28992586.694048367},"point_estimate":20373494.316859394,"standard_error":6430785.978028691}}