{"mean":{"confidence_interval":{"confidence_level":0.95,"lower_bound":0.06469740451516467,"upper_bound":0.07598963243571008},"point_estimate":0.0703829047892206,"standard_error":0.0028418576032043833},"median":{"confidence_interval":{"confidence_level":0.95,"lower_bound":0.07892272908776747,"upper_bound":0.08559290547562459},"point_estimate":0.083365746976104,"standard_error":0.00153937563881029}}