{"mean":{"confidence_interval":{"confidence_level":0.95,"lower_bound":0.011927113291714343,"upper_bound":0.043267286537783584},"point_estimate":0.027054286670763927,"standard_error":0.00792984512139581},"median":{"confidence_interval":{"confidence_level":0.95,"lower_bound":0.0005339264806458743,"upper_bound":0.02041132699358217},"point_estimate":0.011919875556175352,"standard_error":0.004728661989315107}}