{"mean":{"confidence_interval":{"confidence_level":0.95,"lower_bound":-0.024647556127786,"upper_bound":-0.00217943959229921},"point_estimate":-0.013311908430241437,"standard_error":0.005739354761125978},"median":{"confidence_interval":{"confidence_level":0.95,"lower_bound":-0.03381621281192737,"upper_bound":-0.0051578530212261775},"point_estimate":-0.01657712382986032,"standard_error":0.006796537903489106}}