{"mean":{"confidence_interval":{"confidence_level":0.95,"lower_bound":0.16971395639399067,"upper_bound":0.19574685762754668},"point_estimate":0.18522529787124764,"standard_error":0.006613522766738073},"median":{"confidence_interval":{"confidence_level":0.95,"lower_bound":0.18018941858249993,"upper_bound":0.20034838553752543},"point_estimate":0.195883520520588,"standard_error":0.0052248807756410135}}