{"mean":{"confidence_interval":{"confidence_level":0.95,"lower_bound":0.04247187692610305,"upper_bound":0.07181705031795094},"point_estimate":0.05683451824287622,"standard_error":0.007468820494631577},"median":{"confidence_interval":{"confidence_level":0.95,"lower_bound":0.08920115147519314,"upper_bound":0.1006129766419448},"point_estimate":0.0977589910029848,"standard_error":0.004217303020927325}}