{"mean":{"confidence_interval":{"confidence_level":0.95,"lower_bound":0.06032461938045978,"upper_bound":0.07784138676900051},"point_estimate":0.0690868352869265,"standard_error":0.004486932039272833},"median":{"confidence_interval":{"confidence_level":0.95,"lower_bound":0.08300970684825226,"upper_bound":0.0952799788230363},"point_estimate":0.09064421045138826,"standard_error":0.0032226115333650104}}