{"mean":{"confidence_interval":{"confidence_level":0.95,"lower_bound":-0.01955387152934421,"upper_bound":-0.003752098737182149},"point_estimate":-0.011682000532035275,"standard_error":0.003980090999746196},"median":{"confidence_interval":{"confidence_level":0.95,"lower_bound":-0.01931081912969046,"upper_bound":0.0011351039561434434},"point_estimate":-0.005805112240453325,"standard_error":0.005544275705980193}}