{"mean":{"confidence_interval":{"confidence_level":0.95,"lower_bound":-0.023523407605144743,"upper_bound":-0.005652704484573424},"point_estimate":-0.014812321076535628,"standard_error":0.004538964983997354},"median":{"confidence_interval":{"confidence_level":0.95,"lower_bound":-0.00836691013594334,"upper_bound":0.0006007345669427622},"point_estimate":-0.004087529415657931,"standard_error":0.0022784453376530098}}