{"mean":{"confidence_interval":{"confidence_level":0.95,"lower_bound":680940533.4775001,"upper_bound":699247774.9025},"point_estimate":690110041.6,"standard_error":4672677.859066178},"median":{"confidence_interval":{"confidence_level":0.95,"lower_bound":674156375.0,"upper_bound":698296583.5},"point_estimate":693002041.5,"standard_error":5673298.27348958},"median_abs_dev":{"confidence_interval":{"confidence_level":0.95,"lower_bound":2336546.423918009,"upper_bound":31802573.004591465},"point_estimate":9128090.050444007,"standard_error":7826412.313192427},"slope":null,"std_dev":{"confidence_interval":{"confidence_level":0.95,"lower_bound":8158825.425214199,"upper_bound":20207221.008981485},"point_estimate":15582209.739077803,"standard_error":3075642.81186267}}