{"mean":{"confidence_interval":{"confidence_level":0.95,"lower_bound":-0.03444193543402682,"upper_bound":-0.010642162324390553},"point_estimate":-0.022465360176402327,"standard_error":0.006047783164256729},"median":{"confidence_interval":{"confidence_level":0.95,"lower_bound":-0.021327250669242015,"upper_bound":0.00300336899862641},"point_estimate":-0.008398983162252738,"standard_error":0.005981441333859509}}