{"mean":{"confidence_interval":{"confidence_level":0.95,"lower_bound":-0.04605877324887939,"upper_bound":-0.010895739682170096},"point_estimate":-0.026419071372238978,"standard_error":0.008839522719897687},"median":{"confidence_interval":{"confidence_level":0.95,"lower_bound":-0.038445314915211415,"upper_bound":-0.0044469383305042465},"point_estimate":-0.01693642483755209,"standard_error":0.008387364662016504}}