{"mean":{"confidence_interval":{"confidence_level":0.95,"lower_bound":0.08754079963526756,"upper_bound":0.10146395664030444},"point_estimate":0.09420370332633965,"standard_error":0.003634621797382301},"median":{"confidence_interval":{"confidence_level":0.95,"lower_bound":0.10075711862877679,"upper_bound":0.10505177464167659},"point_estimate":0.10343313859239767,"standard_error":0.001133693681110672}}