{"mean":{"confidence_interval":{"confidence_level":0.95,"lower_bound":655.4861144638431,"upper_bound":660.7094237810497},"point_estimate":658.1956928787979,"standard_error":1.3325299580878749},"median":{"confidence_interval":{"confidence_level":0.95,"lower_bound":659.6338880997475,"upper_bound":662.2335755813954},"point_estimate":661.0061607142857,"standard_error":0.6384904229713936},"median_abs_dev":{"confidence_interval":{"confidence_level":0.95,"lower_bound":5.389453961031035,"upper_bound":10.13738601504005},"point_estimate":7.220575903179003,"standard_error":1.362049545970757},"slope":{"confidence_interval":{"confidence_level":0.95,"lower_bound":651.053350477001,"upper_bound":658.6471717767175},"point_estimate":655.0436280663514,"standard_error":1.94577405091187},"std_dev":{"confidence_interval":{"confidence_level":0.95,"lower_bound":10.15773312495702,"upper_bound":16.115163835918214},"point_estimate":13.413063171538806,"standard_error":1.5217787297498375}}