{"mean":{"confidence_interval":{"confidence_level":0.95,"lower_bound":0.010513817714885139,"upper_bound":0.040949733431770836},"point_estimate":0.024797890798546884,"standard_error":0.007790743555952238},"median":{"confidence_interval":{"confidence_level":0.95,"lower_bound":0.0018651642478406671,"upper_bound":0.043062609657419815},"point_estimate":0.010264910849516085,"standard_error":0.01107666503320144}}