{"mean":{"confidence_interval":{"confidence_level":0.95,"lower_bound":-0.0008770587812228027,"upper_bound":0.031477969297047166},"point_estimate":0.015163336381426085,"standard_error":0.008259889948311894},"median":{"confidence_interval":{"confidence_level":0.95,"lower_bound":0.03548231187721629,"upper_bound":0.05087011391459928},"point_estimate":0.04175214749665623,"standard_error":0.0048143896488960294}}