{"mean":{"confidence_interval":{"confidence_level":0.95,"lower_bound":1695837614.995,"upper_bound":1749392876.015},"point_estimate":1717001900.0,"standard_error":14518902.682265367},"median":{"confidence_interval":{"confidence_level":0.95,"lower_bound":1698067020.5,"upper_bound":1715463937.5},"point_estimate":1706146375.5,"standard_error":4840879.386351121},"median_abs_dev":{"confidence_interval":{"confidence_level":0.95,"lower_bound":1604265.0927186012,"upper_bound":32296186.13332808},"point_estimate":5541649.579516053,"standard_error":8539771.406216849},"slope":null,"std_dev":{"confidence_interval":{"confidence_level":0.95,"lower_bound":5791511.9082358815,"upper_bound":73203769.00163539},"point_estimate":48132461.54775138,"standard_error":21610016.19796654}}