{"mean":{"confidence_interval":{"confidence_level":0.95,"lower_bound":-0.016108723355412156,"upper_bound":0.002912758991103486},"point_estimate":-0.006107685291761866,"standard_error":0.004843571610364759},"median":{"confidence_interval":{"confidence_level":0.95,"lower_bound":-0.0053879338188735915,"upper_bound":0.007440412600512536},"point_estimate":-0.0004908073934181134,"standard_error":0.003306963737909101}}