{"mean":{"confidence_interval":{"confidence_level":0.95,"lower_bound":-0.00434813838682511,"upper_bound":0.03371202563395326},"point_estimate":0.014496301459553163,"standard_error":0.00967004638147706},"median":{"confidence_interval":{"confidence_level":0.95,"lower_bound":-0.016389826777570393,"upper_bound":0.043265254128439956},"point_estimate":0.012728354565192834,"standard_error":0.013642520528636248}}