{"mean":{"confidence_interval":{"confidence_level":0.95,"lower_bound":-0.01905861176106447,"upper_bound":0.008485756374470244},"point_estimate":-0.005246934225284772,"standard_error":0.007026181735471689},"median":{"confidence_interval":{"confidence_level":0.95,"lower_bound":-0.02312090145815271,"upper_bound":0.004883565045743943},"point_estimate":-0.009974143771212418,"standard_error":0.007003480129225087}}