{"mean":{"confidence_interval":{"confidence_level":0.95,"lower_bound":-0.010889089967381239,"upper_bound":0.009185482766676353},"point_estimate":-0.0008139590384887985,"standard_error":0.005131236810286126},"median":{"confidence_interval":{"confidence_level":0.95,"lower_bound":-0.01891862852142079,"upper_bound":0.020987929133777783},"point_estimate":-0.0020694184706263608,"standard_error":0.009888292066429423}}