{"mean":{"confidence_interval":{"confidence_level":0.95,"lower_bound":-0.031617373081093234,"upper_bound":-0.005142160383439017},"point_estimate":-0.0178576199801167,"standard_error":0.006795032649063246},"median":{"confidence_interval":{"confidence_level":0.95,"lower_bound":-0.014449663733251739,"upper_bound":-0.001155859840655138},"point_estimate":-0.006455561371431884,"standard_error":0.003332064360240334}}