{"mean":{"confidence_interval":{"confidence_level":0.95,"lower_bound":1955775538.45,"upper_bound":2489792763.085},"point_estimate":2222282841.6,"standard_error":137425992.00925675},"median":{"confidence_interval":{"confidence_level":0.95,"lower_bound":1741481542.0,"upper_bound":2605891375.0},"point_estimate":2270196395.5,"standard_error":275065968.53090394},"median_abs_dev":{"confidence_interval":{"confidence_level":0.95,"lower_bound":59289327.87910402,"upper_bound":728488933.1292361},"point_estimate":647649552.061522,"standard_error":188068563.43797776},"slope":null,"std_dev":{"confidence_interval":{"confidence_level":0.95,"lower_bound":309645400.4684652,"upper_bound":529192509.63589436},"point_estimate":458745980.3895247,"standard_error":56823664.36237803}}