{"mean":{"confidence_interval":{"confidence_level":0.95,"lower_bound":-0.016338919729765318,"upper_bound":0.035491243161359126},"point_estimate":0.007235435249996147,"standard_error":0.013303645834579152},"median":{"confidence_interval":{"confidence_level":0.95,"lower_bound":-0.02357255337942199,"upper_bound":0.05205068716894834},"point_estimate":-0.0059193190622506275,"standard_error":0.018701893618674727}}