{"mean":{"confidence_interval":{"confidence_level":0.95,"lower_bound":0.008006147685166099,"upper_bound":0.03736764321633653},"point_estimate":0.022409204718594866,"standard_error":0.007482848301152359},"median":{"confidence_interval":{"confidence_level":0.95,"lower_bound":0.012711494991848316,"upper_bound":0.026774624346634246},"point_estimate":0.01952894354307788,"standard_error":0.0037276725503840986}}