{"mean":{"confidence_interval":{"confidence_level":0.95,"lower_bound":-0.005415816979260892,"upper_bound":0.013921874334370131},"point_estimate":0.004364575184343522,"standard_error":0.004898219493667556},"median":{"confidence_interval":{"confidence_level":0.95,"lower_bound":-0.0016706468639948735,"upper_bound":0.019817835692941266},"point_estimate":0.008505772685444946,"standard_error":0.005445889800793301}}