{"mean":{"confidence_interval":{"confidence_level":0.95,"lower_bound":1206.4765061714243,"upper_bound":1215.499260973482},"point_estimate":1210.9459047086057,"standard_error":2.2984987482556165},"median":{"confidence_interval":{"confidence_level":0.95,"lower_bound":1198.2805373233953,"upper_bound":1215.7409240924092},"point_estimate":1209.0472898449639,"standard_error":4.581404646317144},"median_abs_dev":{"confidence_interval":{"confidence_level":0.95,"lower_bound":19.70577254889542,"upper_bound":37.407217499403444},"point_estimate":32.024529827129015,"standard_error":4.9580136591564985},"slope":{"confidence_interval":{"confidence_level":0.95,"lower_bound":1214.377034523357,"upper_bound":1223.1484742760733},"point_estimate":1218.6913495860078,"standard_error":2.2322940570670884},"std_dev":{"confidence_interval":{"confidence_level":0.95,"lower_bound":20.676506018988928,"upper_bound":25.095343113994446},"point_estimate":23.081483042766013,"standard_error":1.1295620651876528}}