{"mean":{"confidence_interval":{"confidence_level":0.95,"lower_bound":606742884.9075,"upper_bound":625924470.6},"point_estimate":616964354.1,"standard_error":4927419.373618818},"median":{"confidence_interval":{"confidence_level":0.95,"lower_bound":605679083.0,"upper_bound":627498562.0},"point_estimate":623430812.5,"standard_error":5793747.797211071},"median_abs_dev":{"confidence_interval":{"confidence_level":0.95,"lower_bound":1428453.1987398863,"upper_bound":27375931.267780066},"point_estimate":7529043.709632754,"standard_error":6905599.60061902},"slope":null,"std_dev":{"confidence_interval":{"confidence_level":0.95,"lower_bound":5947952.24889512,"upper_bound":20399724.594105784},"point_estimate":16429983.597246189,"standard_error":3481022.33004959}}