{"mean":{"confidence_interval":{"confidence_level":0.95,"lower_bound":-0.0015705479582003394,"upper_bound":0.018585094241202072},"point_estimate":0.008465578266620755,"standard_error":0.005147480815645836},"median":{"confidence_interval":{"confidence_level":0.95,"lower_bound":0.0008121852814784507,"upper_bound":0.01872606679384914},"point_estimate":0.00688058962043292,"standard_error":0.004871685976650599}}