{"mean":{"confidence_interval":{"confidence_level":0.95,"lower_bound":347246878.6875,"upper_bound":373469408.3},"point_estimate":356681545.7,"standard_error":7705852.6693183705},"median":{"confidence_interval":{"confidence_level":0.95,"lower_bound":348243208.0,"upper_bound":350707291.5},"point_estimate":349497375.0,"standard_error":1849129.5035308155},"median_abs_dev":{"confidence_interval":{"confidence_level":0.95,"lower_bound":369136.2588465214,"upper_bound":6547068.079966307},"point_estimate":1599045.5995112658,"standard_error":2463359.930204764},"slope":null,"std_dev":{"confidence_interval":{"confidence_level":0.95,"lower_bound":889901.0534080183,"upper_bound":39467589.68187392},"point_estimate":25698404.763785094,"standard_error":13657133.437961737}}