{"mean":{"confidence_interval":{"confidence_level":0.95,"lower_bound":0.045312991766902476,"upper_bound":0.05904045708615511},"point_estimate":0.05253181825265263,"standard_error":0.00353709612220476},"median":{"confidence_interval":{"confidence_level":0.95,"lower_bound":0.054548068578136766,"upper_bound":0.07915767211617264},"point_estimate":0.06038890691533605,"standard_error":0.008152755051351645}}