{"mean":{"confidence_interval":{"confidence_level":0.95,"lower_bound":423067279.3,"upper_bound":456468379.15},"point_estimate":444744147.95,"standard_error":10060419.25888607},"median":{"confidence_interval":{"confidence_level":0.95,"lower_bound":452024822.75,"upper_bound":456663302.25},"point_estimate":455385698.0,"standard_error":2650091.459934331},"median_abs_dev":{"confidence_interval":{"confidence_level":0.95,"lower_bound":346093.69005560875,"upper_bound":6322285.167557001},"point_estimate":1943008.7934046984,"standard_error":3257137.772531895},"slope":null,"std_dev":{"confidence_interval":{"confidence_level":0.95,"lower_bound":1325651.1485886166,"upper_bound":51462935.972651914},"point_estimate":33519641.13534738,"standard_error":18129254.940627422}}