{"mean":{"confidence_interval":{"confidence_level":0.95,"lower_bound":3978214.335346155,"upper_bound":4029578.7209615363},"point_estimate":4002621.502307694,"standard_error":13116.964370873864},"median":{"confidence_interval":{"confidence_level":0.95,"lower_bound":3945355.769230769,"upper_bound":3977328.5},"point_estimate":3962509.653846154,"standard_error":8036.888483051038},"median_abs_dev":{"confidence_interval":{"confidence_level":0.95,"lower_bound":48464.82316015414,"upper_bound":103784.56704707118},"point_estimate":72360.00240766106,"standard_error":14629.204634860133},"slope":null,"std_dev":{"confidence_interval":{"confidence_level":0.95,"lower_bound":95351.63285158457,"upper_bound":161150.1721217461},"point_estimate":131669.78229931302,"standard_error":16798.35247513638}}