{"mean":{"confidence_interval":{"confidence_level":0.95,"lower_bound":6511482.62290625,"upper_bound":6565989.36653125},"point_estimate":6537490.99125,"standard_error":13898.34730527881},"median":{"confidence_interval":{"confidence_level":0.95,"lower_bound":6508835.875,"upper_bound":6535588.5625},"point_estimate":6527518.25,"standard_error":6801.110834784306},"median_abs_dev":{"confidence_interval":{"confidence_level":0.95,"lower_bound":46292.70157814026,"upper_bound":125882.09667764604},"point_estimate":90141.33709967136,"standard_error":20962.156093191792},"slope":null,"std_dev":{"confidence_interval":{"confidence_level":0.95,"lower_bound":102369.28483128145,"upper_bound":171361.69534658978},"point_estimate":140021.9420115561,"standard_error":17641.92555678311}}