{"mean":{"confidence_interval":{"confidence_level":0.95,"lower_bound":0.09005482194754981,"upper_bound":0.10264160458572115},"point_estimate":0.09669217580824307,"standard_error":0.0032161565905168836},"median":{"confidence_interval":{"confidence_level":0.95,"lower_bound":0.09447575704474859,"upper_bound":0.10422935946739953},"point_estimate":0.10143787789476422,"standard_error":0.002686332908177614}}