{"mean":{"confidence_interval":{"confidence_level":0.95,"lower_bound":-0.0049735165495192885,"upper_bound":0.03456141811340257},"point_estimate":0.015297342338049136,"standard_error":0.01009069133420621},"median":{"confidence_interval":{"confidence_level":0.95,"lower_bound":-0.002430734176727234,"upper_bound":0.0071051031964730615},"point_estimate":0.001661843107009231,"standard_error":0.0024731494649343514}}