{"mean":{"confidence_interval":{"confidence_level":0.95,"lower_bound":2209949833.0099998,"upper_bound":2291926312.5},"point_estimate":2249158333.4,"standard_error":21054905.833913807},"median":{"confidence_interval":{"confidence_level":0.95,"lower_bound":2192906000.0,"upper_bound":2321545625.0},"point_estimate":2214270583.5,"standard_error":37703611.697665825},"median_abs_dev":{"confidence_interval":{"confidence_level":0.95,"lower_bound":4369283.650329709,"upper_bound":109854233.2025975},"point_estimate":46313890.15566409,"standard_error":30517446.512673106},"slope":null,"std_dev":{"confidence_interval":{"confidence_level":0.95,"lower_bound":39593754.04429954,"upper_bound":81059941.42729911},"point_estimate":70138198.46467485,"standard_error":10680720.953115448}}