{"mean":{"confidence_interval":{"confidence_level":0.95,"lower_bound":797189244.4775,"upper_bound":815625962.775},"point_estimate":806881729.2,"standard_error":4731117.099242872},"median":{"confidence_interval":{"confidence_level":0.95,"lower_bound":791743375.0,"upper_bound":818129958.0},"point_estimate":814265500.0,"standard_error":7136044.733500953},"median_abs_dev":{"confidence_interval":{"confidence_level":0.95,"lower_bound":1415851.8402636051,"upper_bound":25328861.006122828},"point_estimate":10751228.640827537,"standard_error":6924461.990276298},"slope":null,"std_dev":{"confidence_interval":{"confidence_level":0.95,"lower_bound":7650372.338411848,"upper_bound":19307337.05225746},"point_estimate":15826625.019297482,"standard_error":2872211.0719544217}}