{"mean":{"confidence_interval":{"confidence_level":0.95,"lower_bound":-0.0011436553788142273,"upper_bound":0.03962737826562128},"point_estimate":0.017382069128970334,"standard_error":0.010442252632953694},"median":{"confidence_interval":{"confidence_level":0.95,"lower_bound":-0.011730810557552762,"upper_bound":0.036095092045019816},"point_estimate":0.0063414927758276285,"standard_error":0.012301752068313826}}