{"mean":{"confidence_interval":{"confidence_level":0.95,"lower_bound":-0.007981893926865156,"upper_bound":0.009948101919277532},"point_estimate":0.0012502529829450104,"standard_error":0.004524796015149491},"median":{"confidence_interval":{"confidence_level":0.95,"lower_bound":-0.008752919859365438,"upper_bound":0.002925084914672027},"point_estimate":-0.0036814352043140763,"standard_error":0.002719913823471834}}