{"mean":{"confidence_interval":{"confidence_level":0.95,"lower_bound":0.044474891893005915,"upper_bound":0.056581014695399674},"point_estimate":0.05073512240542577,"standard_error":0.003076600876334061},"median":{"confidence_interval":{"confidence_level":0.95,"lower_bound":0.04986408867749681,"upper_bound":0.06289116495855648},"point_estimate":0.05914878174116933,"standard_error":0.003662725156065631}}