{"mean":{"confidence_interval":{"confidence_level":0.95,"lower_bound":0.054495520917955696,"upper_bound":0.08890377575334014},"point_estimate":0.0731764148401921,"standard_error":0.00871906560116023},"median":{"confidence_interval":{"confidence_level":0.95,"lower_bound":0.06321154383533845,"upper_bound":0.09185694723420124},"point_estimate":0.08278086561422127,"standard_error":0.008140198803077424}}