{"mean":{"confidence_interval":{"confidence_level":0.95,"lower_bound":-0.020007928210436808,"upper_bound":0.013987602281030057},"point_estimate":-0.0032804101726429113,"standard_error":0.008711028658151184},"median":{"confidence_interval":{"confidence_level":0.95,"lower_bound":0.0003787826013901263,"upper_bound":0.02508375161689047},"point_estimate":0.010686851245134577,"standard_error":0.006777558723741282}}