{"mean":{"confidence_interval":{"confidence_level":0.95,"lower_bound":818402.8079536242,"upper_bound":826216.1319019739},"point_estimate":822485.6000924966,"standard_error":1999.5357951271853},"median":{"confidence_interval":{"confidence_level":0.95,"lower_bound":827143.674107143,"upper_bound":831405.1966292135},"point_estimate":828730.051147541,"standard_error":1127.2955124813288},"median_abs_dev":{"confidence_interval":{"confidence_level":0.95,"lower_bound":8051.771526170138,"upper_bound":14670.237920196285},"point_estimate":11788.27117450825,"standard_error":1723.6409720833115},"slope":{"confidence_interval":{"confidence_level":0.95,"lower_bound":816855.1856667605,"upper_bound":824968.8871531757},"point_estimate":821130.1003221517,"standard_error":2069.693593372101},"std_dev":{"confidence_interval":{"confidence_level":0.95,"lower_bound":16051.625430235015,"upper_bound":23445.485425594634},"point_estimate":20044.355060113576,"standard_error":1887.6710403918555}}