{"mean":{"confidence_interval":{"confidence_level":0.95,"lower_bound":1876215875.3175,"upper_bound":1953421842.1925},"point_estimate":1910276545.9,"standard_error":20114112.880049687},"median":{"confidence_interval":{"confidence_level":0.95,"lower_bound":1867647583.5,"upper_bound":1949213646.0},"point_estimate":1889830062.5,"standard_error":16845683.739597257},"median_abs_dev":{"confidence_interval":{"confidence_level":0.95,"lower_bound":6151492.615789175,"upper_bound":83560879.38569784},"point_estimate":28250788.30804825,"standard_error":18086823.720639896},"slope":null,"std_dev":{"confidence_interval":{"confidence_level":0.95,"lower_bound":13670604.350211734,"upper_bound":89771272.5331394},"point_estimate":67202130.2133066,"standard_error":20597555.211878605}}