{"mean":{"confidence_interval":{"confidence_level":0.95,"lower_bound":0.06273885758035959,"upper_bound":0.07514880721259624},"point_estimate":0.06911036741270205,"standard_error":0.003118257286846846},"median":{"confidence_interval":{"confidence_level":0.95,"lower_bound":0.07619592953467404,"upper_bound":0.09056915271273391},"point_estimate":0.08755010195487434,"standard_error":0.0035774424886705724}}