{"mean":{"confidence_interval":{"confidence_level":0.95,"lower_bound":-0.004973443469321623,"upper_bound":0.0332312754937479},"point_estimate":0.013391980053973906,"standard_error":0.009783802153661163},"median":{"confidence_interval":{"confidence_level":0.95,"lower_bound":-0.013903285142792932,"upper_bound":0.049073832785457405},"point_estimate":0.004453163323347331,"standard_error":0.0176925285225892}}