{"mean":{"confidence_interval":{"confidence_level":0.95,"lower_bound":0.0043627576702560235,"upper_bound":0.05109645271131682},"point_estimate":0.026928054817966673,"standard_error":0.011941679351325835},"median":{"confidence_interval":{"confidence_level":0.95,"lower_bound":0.003604305419999232,"upper_bound":0.06142467709970334},"point_estimate":0.03159456978631714,"standard_error":0.014588431209176378}}