{"mean":{"confidence_interval":{"confidence_level":0.95,"lower_bound":704186820.1324999,"upper_bound":718167783.6075},"point_estimate":711712300.1,"standard_error":3596521.952658512},"median":{"confidence_interval":{"confidence_level":0.95,"lower_bound":703986646.0,"upper_bound":719395063.0},"point_estimate":715486145.5,"standard_error":3451183.9890893903},"median_abs_dev":{"confidence_interval":{"confidence_level":0.95,"lower_bound":1351637.470203638,"upper_bound":18474028.893220425},"point_estimate":7798074.818256497,"standard_error":4447295.103921909},"slope":null,"std_dev":{"confidence_interval":{"confidence_level":0.95,"lower_bound":4366926.80939601,"upper_bound":15909344.37572386},"point_estimate":11984925.391706835,"standard_error":3024849.643152407}}