{"mean":{"confidence_interval":{"confidence_level":0.95,"lower_bound":0.03199198627521487,"upper_bound":0.0720571163421712},"point_estimate":0.05038830327691657,"standard_error":0.010376520635979063},"median":{"confidence_interval":{"confidence_level":0.95,"lower_bound":0.026867952593972344,"upper_bound":0.0626312198323482},"point_estimate":0.03930968321030415,"standard_error":0.009328366199137291}}