{"mean":{"confidence_interval":{"confidence_level":0.95,"lower_bound":0.06133663461520269,"upper_bound":0.08314055414755184},"point_estimate":0.07385509100028576,"standard_error":0.005442177882813762},"median":{"confidence_interval":{"confidence_level":0.95,"lower_bound":0.06644881592677021,"upper_bound":0.08714749372636765},"point_estimate":0.08323528908237177,"standard_error":0.005443730320578213}}