{"mean":{"confidence_interval":{"confidence_level":0.95,"lower_bound":2076300.5411041654,"upper_bound":2107224.7143020825},"point_estimate":2091221.5258333343,"standard_error":7887.267995045842},"median":{"confidence_interval":{"confidence_level":0.95,"lower_bound":2066144.1041666665,"upper_bound":2070928.7916666667},"point_estimate":2066900.1666666667,"standard_error":1567.0744223311901},"median_abs_dev":{"confidence_interval":{"confidence_level":0.95,"lower_bound":6988.234975934201,"upper_bound":56560.13959304441},"point_estimate":12275.248257070722,"standard_error":12300.531050086649},"slope":null,"std_dev":{"confidence_interval":{"confidence_level":0.95,"lower_bound":64585.50890732911,"upper_bound":90021.33224013005},"point_estimate":79062.40301360501,"standard_error":6509.632549272713}}