{"mean":{"confidence_interval":{"confidence_level":0.95,"lower_bound":658015795.8,"upper_bound":700951516.2524999},"point_estimate":675314970.8,"standard_error":11403011.914765557},"median":{"confidence_interval":{"confidence_level":0.95,"lower_bound":649486083.0,"upper_bound":675274041.5},"point_estimate":671204854.0,"standard_error":6531850.024529035},"median_abs_dev":{"confidence_interval":{"confidence_level":0.95,"lower_bound":168182.43451416492,"upper_bound":36493765.43290615},"point_estimate":6763033.970332146,"standard_error":9878493.9840915},"slope":null,"std_dev":{"confidence_interval":{"confidence_level":0.95,"lower_bound":8846922.618264655,"upper_bound":57483693.22117385},"point_estimate":38061196.78581794,"standard_error":15942616.888510244}}