{"mean":{"confidence_interval":{"confidence_level":0.95,"lower_bound":614389125.1,"upper_bound":651830484.27},"point_estimate":629829895.9,"standard_error":9912836.909399636},"median":{"confidence_interval":{"confidence_level":0.95,"lower_bound":612051292.0,"upper_bound":631424250.0},"point_estimate":623958833.0,"standard_error":4245765.96960966},"median_abs_dev":{"confidence_interval":{"confidence_level":0.95,"lower_bound":512979.59089279175,"upper_bound":31580305.323037505},"point_estimate":5955758.284664154,"standard_error":8929143.666901486},"slope":null,"std_dev":{"confidence_interval":{"confidence_level":0.95,"lower_bound":7138376.454536312,"upper_bound":49629209.612585194},"point_estimate":33066016.666216213,"standard_error":13446693.783678368}}