{"mean":{"confidence_interval":{"confidence_level":0.95,"lower_bound":-0.02639632205978211,"upper_bound":-0.007179520429283168},"point_estimate":-0.017132029331421106,"standard_error":0.004869433388526934},"median":{"confidence_interval":{"confidence_level":0.95,"lower_bound":-0.028282875130613228,"upper_bound":-0.007225648674481523},"point_estimate":-0.016704369142037323,"standard_error":0.00442762801409829}}