{"mean":{"confidence_interval":{"confidence_level":0.95,"lower_bound":0.012184639670955925,"upper_bound":0.03464726123628025},"point_estimate":0.023258808530111974,"standard_error":0.005740405639436107},"median":{"confidence_interval":{"confidence_level":0.95,"lower_bound":0.008353544493818754,"upper_bound":0.021471787006910253},"point_estimate":0.016443244964593928,"standard_error":0.003558272313567453}}