{"mean":{"confidence_interval":{"confidence_level":0.95,"lower_bound":2187855.6870543477,"upper_bound":2199023.8770326087},"point_estimate":2193165.794782608,"standard_error":2858.611756250093},"median":{"confidence_interval":{"confidence_level":0.95,"lower_bound":2176399.4782608696,"upper_bound":2190140.3913043477},"point_estimate":2180031.695652174,"standard_error":4730.411639628014},"median_abs_dev":{"confidence_interval":{"confidence_level":0.95,"lower_bound":7075.933987420944,"upper_bound":24033.171186369458},"point_estimate":12917.700188056133,"standard_error":5313.194706189414},"slope":null,"std_dev":{"confidence_interval":{"confidence_level":0.95,"lower_bound":21385.181753307446,"upper_bound":35060.65064006229},"point_estimate":28773.164841065252,"standard_error":3484.7186639946635}}