{"mean":{"confidence_interval":{"confidence_level":0.95,"lower_bound":-0.009373151715745286,"upper_bound":0.017158688544799575},"point_estimate":0.00409082419400586,"standard_error":0.006741835048967487},"median":{"confidence_interval":{"confidence_level":0.95,"lower_bound":-0.009730673264841005,"upper_bound":0.0116605908751799},"point_estimate":0.0024521192303257333,"standard_error":0.005593546123404557}}