{"mean":{"confidence_interval":{"confidence_level":0.95,"lower_bound":0.06163706835428467,"upper_bound":0.07546122359493634},"point_estimate":0.06857923209740968,"standard_error":0.0035698122244385865},"median":{"confidence_interval":{"confidence_level":0.95,"lower_bound":0.07642374860975609,"upper_bound":0.08629800129358745},"point_estimate":0.08305302347240717,"standard_error":0.0025205092068660757}}