{"mean":{"confidence_interval":{"confidence_level":0.95,"lower_bound":3395363.4924999992,"upper_bound":3461412.8767666672},"point_estimate":3426913.5286666667,"standard_error":16895.513669447148},"median":{"confidence_interval":{"confidence_level":0.95,"lower_bound":3355291.6666666665,"upper_bound":3424013.5066666636},"point_estimate":3374106.9333333336,"standard_error":18522.23200705009},"median_abs_dev":{"confidence_interval":{"confidence_level":0.95,"lower_bound":75643.4861570599,"upper_bound":163992.06336855883},"point_estimate":118692.4566727875,"standard_error":22945.32517027844},"slope":null,"std_dev":{"confidence_interval":{"confidence_level":0.95,"lower_bound":124614.87731567443,"upper_bound":213649.63651982005},"point_estimate":170629.5707547262,"standard_error":22858.03453013155}}