{"mean":{"confidence_interval":{"confidence_level":0.95,"lower_bound":2096890.24740625,"upper_bound":2124010.992833333},"point_estimate":2110883.0212499993,"standard_error":6908.050110672231},"median":{"confidence_interval":{"confidence_level":0.95,"lower_bound":2119947.0625,"upper_bound":2133939.25},"point_estimate":2127846.354166667,"standard_error":3539.819328113575},"median_abs_dev":{"confidence_interval":{"confidence_level":0.95,"lower_bound":23136.00347675337,"upper_bound":52072.62452521311},"point_estimate":32240.124827623484,"standard_error":6903.951213594354},"slope":null,"std_dev":{"confidence_interval":{"confidence_level":0.95,"lower_bound":56012.29731591212,"upper_bound":81164.05913517346},"point_estimate":69846.81593852048,"standard_error":6397.6466461586715}}