{"mean":{"confidence_interval":{"confidence_level":0.95,"lower_bound":0.011971165713000548,"upper_bound":0.028986675124408},"point_estimate":0.02050116757921372,"standard_error":0.00436917253142732},"median":{"confidence_interval":{"confidence_level":0.95,"lower_bound":0.01200950105933285,"upper_bound":0.03297028806826674},"point_estimate":0.023866144362215236,"standard_error":0.005429084645483175}}