{"mean":{"confidence_interval":{"confidence_level":0.95,"lower_bound":2149672.442479167,"upper_bound":2174884.534989584},"point_estimate":2162664.546249999,"standard_error":6447.698261479221},"median":{"confidence_interval":{"confidence_level":0.95,"lower_bound":2177394.0833333335,"upper_bound":2187830.7291666665},"point_estimate":2184810.75,"standard_error":2641.0591789026043},"median_abs_dev":{"confidence_interval":{"confidence_level":0.95,"lower_bound":15016.45205840457,"upper_bound":39034.207159504265},"point_estimate":26108.95618647337,"standard_error":6298.452480641224},"slope":null,"std_dev":{"confidence_interval":{"confidence_level":0.95,"lower_bound":52387.55669606874,"upper_bound":74705.17764670245},"point_estimate":64825.295608432636,"standard_error":5687.896180629589}}