{"mean":{"confidence_interval":{"confidence_level":0.95,"lower_bound":639801589.6525,"upper_bound":648352312.85},"point_estimate":643875954.2,"standard_error":2191819.8928041835},"median":{"confidence_interval":{"confidence_level":0.95,"lower_bound":640490417.0,"upper_bound":647734062.5},"point_estimate":642074896.0,"standard_error":1709709.4054680723},"median_abs_dev":{"confidence_interval":{"confidence_level":0.95,"lower_bound":289694.10445690155,"upper_bound":12920796.501410007},"point_estimate":2549237.9922419786,"standard_error":3164847.667066986},"slope":null,"std_dev":{"confidence_interval":{"confidence_level":0.95,"lower_bound":2462954.4577106787,"upper_bound":9970269.217016937},"point_estimate":7320239.842671319,"standard_error":1861256.8665040787}}