{"mean":{"confidence_interval":{"confidence_level":0.95,"lower_bound":3866817.6211923053,"upper_bound":3935943.09871154},"point_estimate":3901538.302307693,"standard_error":17576.315244536643},"median":{"confidence_interval":{"confidence_level":0.95,"lower_bound":3917748.3846153845,"upper_bound":3954153.846153846},"point_estimate":3939349.346153846,"standard_error":9930.126328635286},"median_abs_dev":{"confidence_interval":{"confidence_level":0.95,"lower_bound":67439.25309502149,"upper_bound":141395.90162818244},"point_estimate":95161.99084130602,"standard_error":19689.42460186221},"slope":null,"std_dev":{"confidence_interval":{"confidence_level":0.95,"lower_bound":149280.8328303619,"upper_bound":200372.7286319127},"point_estimate":176257.51394080426,"standard_error":13030.182587713734}}