{"mean":{"confidence_interval":{"confidence_level":0.95,"lower_bound":820717233.13,"upper_bound":881232320.9375},"point_estimate":844068291.7,"standard_error":16790158.82964316},"median":{"confidence_interval":{"confidence_level":0.95,"lower_bound":819829584.0,"upper_bound":846749250.5},"point_estimate":825237375.0,"standard_error":6665654.300431256},"median_abs_dev":{"confidence_interval":{"confidence_level":0.95,"lower_bound":2221490.7355606556,"upper_bound":33508242.746409774},"point_estimate":7974317.407527566,"standard_error":9024289.684914974},"slope":null,"std_dev":{"confidence_interval":{"confidence_level":0.95,"lower_bound":4666656.134734519,"upper_bound":84989284.00791845},"point_estimate":55962290.45808113,"standard_error":25653724.655629408}}