{"mean":{"confidence_interval":{"confidence_level":0.95,"lower_bound":1723813275.2,"upper_bound":1934350566.2549999},"point_estimate":1815527837.4,"standard_error":54823708.745338455},"median":{"confidence_interval":{"confidence_level":0.95,"lower_bound":1708395812.5,"upper_bound":1903286270.5},"point_estimate":1762077229.0,"standard_error":42342447.14380473},"median_abs_dev":{"confidence_interval":{"confidence_level":0.95,"lower_bound":14314843.002560735,"upper_bound":216625924.60032105},"point_estimate":69518926.69949234,"standard_error":50813075.84180881},"slope":null,"std_dev":{"confidence_interval":{"confidence_level":0.95,"lower_bound":39703242.06502992,"upper_bound":251866387.0444907},"point_estimate":182657690.55823702,"standard_error":57879885.50220535}}