{"mean":{"confidence_interval":{"confidence_level":0.95,"lower_bound":3364983.916683335,"upper_bound":3392814.9661500007},"point_estimate":3378819.138666668,"standard_error":7094.552978545315},"median":{"confidence_interval":{"confidence_level":0.95,"lower_bound":3352694.4333333336,"upper_bound":3378468.033333333},"point_estimate":3361627.7666666666,"standard_error":7176.233594331906},"median_abs_dev":{"confidence_interval":{"confidence_level":0.95,"lower_bound":43011.90551638599,"upper_bound":109627.93927371553},"point_estimate":74467.68553793422,"standard_error":19806.26201484439},"slope":null,"std_dev":{"confidence_interval":{"confidence_level":0.95,"lower_bound":63426.25107530393,"upper_bound":77635.53250137284},"point_estimate":71302.5636886222,"standard_error":3611.8527359271807}}