{"mean":{"confidence_interval":{"confidence_level":0.95,"lower_bound":2147726516.5,"upper_bound":2476545483.0},"point_estimate":2299810774.7,"standard_error":84438960.41823074},"median":{"confidence_interval":{"confidence_level":0.95,"lower_bound":2106151853.5,"upper_bound":2436342792.0},"point_estimate":2258175166.5,"standard_error":83436013.3381364},"median_abs_dev":{"confidence_interval":{"confidence_level":0.95,"lower_bound":35601828.099641204,"upper_bound":430956600.5989909},"point_estimate":239029678.8688749,"standard_error":97375097.81775068},"slope":null,"std_dev":{"confidence_interval":{"confidence_level":0.95,"lower_bound":123023340.4298627,"upper_bound":388533901.1735245},"point_estimate":281385817.93849516,"standard_error":75071350.16902737}}