{"mean":{"confidence_interval":{"confidence_level":0.95,"lower_bound":470480277.05,"upper_bound":490700347.75},"point_estimate":479143141.55,"standard_error":5265831.062430458},"median":{"confidence_interval":{"confidence_level":0.95,"lower_bound":468139750.0,"upper_bound":486129124.75},"point_estimate":472935177.0,"standard_error":4017760.0492843254},"median_abs_dev":{"confidence_interval":{"confidence_level":0.95,"lower_bound":1156366.0809203982,"upper_bound":20633575.48993081},"point_estimate":7686369.805839658,"standard_error":4988844.014578996},"slope":null,"std_dev":{"confidence_interval":{"confidence_level":0.95,"lower_bound":4363553.399477051,"upper_bound":24975875.238380887},"point_estimate":17518212.65519105,"standard_error":5874935.395483171}}