{"mean":{"confidence_interval":{"confidence_level":0.95,"lower_bound":-0.012658640988778043,"upper_bound":0.005973057798632851},"point_estimate":-0.003183901130757061,"standard_error":0.004738690256329835},"median":{"confidence_interval":{"confidence_level":0.95,"lower_bound":-0.0027635435824178156,"upper_bound":0.009018371607404596},"point_estimate":0.003439977039974007,"standard_error":0.0029276961563517528}}