{"mean":{"confidence_interval":{"confidence_level":0.95,"lower_bound":1686004930.6125,"upper_bound":1741128357.3799999},"point_estimate":1711430300.2,"standard_error":14172696.692456676},"median":{"confidence_interval":{"confidence_level":0.95,"lower_bound":1678363125.0,"upper_bound":1749185271.0},"point_estimate":1701959292.0,"standard_error":15382308.95394828},"median_abs_dev":{"confidence_interval":{"confidence_level":0.95,"lower_bound":2383804.298079014,"upper_bound":70011367.09164977},"point_estimate":33992280.503216386,"standard_error":16421286.497139836},"slope":null,"std_dev":{"confidence_interval":{"confidence_level":0.95,"lower_bound":16810795.82011685,"upper_bound":59631054.33470566},"point_estimate":47409183.589750476,"standard_error":10865264.833579293}}