{"mean":{"confidence_interval":{"confidence_level":0.95,"lower_bound":0.010411406806484943,"upper_bound":0.025745128784719584},"point_estimate":0.018244285057420484,"standard_error":0.003904682310202285},"median":{"confidence_interval":{"confidence_level":0.95,"lower_bound":0.019879721059795186,"upper_bound":0.03307211513340835},"point_estimate":0.028446840861225065,"standard_error":0.00365663069039241}}