{"mean":{"confidence_interval":{"confidence_level":0.95,"lower_bound":25194358.496701386,"upper_bound":25864125.81865079},"point_estimate":25544533.20186508,"standard_error":171087.32859178586},"median":{"confidence_interval":{"confidence_level":0.95,"lower_bound":25190078.125,"upper_bound":26041125.0},"point_estimate":25522411.4375,"standard_error":246909.90322948663},"median_abs_dev":{"confidence_interval":{"confidence_level":0.95,"lower_bound":90511.95620559064,"upper_bound":1046931.3511924222},"point_estimate":653168.9626414329,"standard_error":227956.085527101},"slope":{"confidence_interval":{"confidence_level":0.95,"lower_bound":25266451.9676781,"upper_bound":25936486.062958434},"point_estimate":25611272.34935065,"standard_error":168522.74254139353},"std_dev":{"confidence_interval":{"confidence_level":0.95,"lower_bound":319172.19292644586,"upper_bound":744774.3178261948},"point_estimate":571644.4265999458,"standard_error":116596.08200068797}}