{"mean":{"confidence_interval":{"confidence_level":0.95,"lower_bound":845844646.2,"upper_bound":934770894.9875},"point_estimate":887128933.5,"standard_error":22878115.039329637},"median":{"confidence_interval":{"confidence_level":0.95,"lower_bound":831924042.0,"upper_bound":959048791.0},"point_estimate":856274771.5,"standard_error":30240853.18040619},"median_abs_dev":{"confidence_interval":{"confidence_level":0.95,"lower_bound":12028086.733558774,"upper_bound":119799514.56733346},"point_estimate":40351677.37201452,"standard_error":27861221.233908024},"slope":null,"std_dev":{"confidence_interval":{"confidence_level":0.95,"lower_bound":21377602.579967447,"upper_bound":96793733.20547535},"point_estimate":76591900.09322329,"standard_error":16901306.321795575}}