{"mean":{"confidence_interval":{"confidence_level":0.95,"lower_bound":-0.039344754324485046,"upper_bound":-0.023276830794342233},"point_estimate":-0.03130215187484364,"standard_error":0.004102967948435332},"median":{"confidence_interval":{"confidence_level":0.95,"lower_bound":-0.0398911374895804,"upper_bound":-0.007478229123148432},"point_estimate":-0.020235303362394652,"standard_error":0.007817974605452567}}