{"mean":{"confidence_interval":{"confidence_level":0.95,"lower_bound":208726129.16666666,"upper_bound":212845425.0},"point_estimate":210862947.2,"standard_error":1050432.6195261972},"median":{"confidence_interval":{"confidence_level":0.95,"lower_bound":209332631.8333333,"upper_bound":212322472.1666667},"point_estimate":211487243.16666666,"standard_error":769532.8199600199},"median_abs_dev":{"confidence_interval":{"confidence_level":0.95,"lower_bound":281426.138603702,"upper_bound":5467303.368335992},"point_estimate":1551664.4224524645,"standard_error":1258626.7758758208},"slope":null,"std_dev":{"confidence_interval":{"confidence_level":0.95,"lower_bound":1062416.3090795071,"upper_bound":4870261.008179248},"point_estimate":3505849.8375225686,"standard_error":986838.4458382614}}