{"mean":{"confidence_interval":{"confidence_level":0.95,"lower_bound":-0.009943566667427812,"upper_bound":0.009967754099284626},"point_estimate":0.00034662841532218103,"standard_error":0.005102913129862813},"median":{"confidence_interval":{"confidence_level":0.95,"lower_bound":-0.010497250223143295,"upper_bound":0.009377703609314114},"point_estimate":-0.001563560764165306,"standard_error":0.005304556360591075}}