{"mean":{"confidence_interval":{"confidence_level":0.95,"lower_bound":819126827.4975,"upper_bound":873328391.5},"point_estimate":841974570.8,"standard_error":14211216.24849968},"median":{"confidence_interval":{"confidence_level":0.95,"lower_bound":814932458.5,"upper_bound":858529333.5},"point_estimate":825731604.0,"standard_error":9345672.45545993},"median_abs_dev":{"confidence_interval":{"confidence_level":0.95,"lower_bound":3496403.6571264267,"upper_bound":49162551.81469023},"point_estimate":14465481.090286374,"standard_error":12496764.740586314},"slope":null,"std_dev":{"confidence_interval":{"confidence_level":0.95,"lower_bound":8584700.034269871,"upper_bound":67553616.9990155},"point_estimate":47297768.48095309,"standard_error":16723776.73303001}}