{"mean":{"confidence_interval":{"confidence_level":0.95,"lower_bound":0.04165720688007927,"upper_bound":0.078948558452667},"point_estimate":0.061648818499819846,"standard_error":0.009940204256082576},"median":{"confidence_interval":{"confidence_level":0.95,"lower_bound":0.02850316094243399,"upper_bound":0.08925828582830397},"point_estimate":0.0825210390354667,"standard_error":0.01962000981601654}}