{"mean":{"confidence_interval":{"confidence_level":0.95,"lower_bound":1702281803.7025,"upper_bound":1749934387.6},"point_estimate":1722035475.0,"standard_error":12546758.973111952},"median":{"confidence_interval":{"confidence_level":0.95,"lower_bound":1702916062.5,"upper_bound":1728887291.5},"point_estimate":1709210292.0,"standard_error":6600910.479448033},"median_abs_dev":{"confidence_interval":{"confidence_level":0.95,"lower_bound":1059040.4349982738,"upper_bound":44159597.54113906},"point_estimate":14785506.225004792,"standard_error":10725387.360447932},"slope":null,"std_dev":{"confidence_interval":{"confidence_level":0.95,"lower_bound":9321904.121211978,"upper_bound":62065455.4202926},"point_estimate":41814379.374373995,"standard_error":16230111.462560883}}