{"mean":{"confidence_interval":{"confidence_level":0.95,"lower_bound":-0.05138101057968935,"upper_bound":-0.03205424041804308},"point_estimate":-0.0417703616966274,"standard_error":0.004961673275498973},"median":{"confidence_interval":{"confidence_level":0.95,"lower_bound":-0.05072607948226271,"upper_bound":-0.029496673357081074},"point_estimate":-0.04265941824456232,"standard_error":0.004897366190786091}}