{"mean":{"confidence_interval":{"confidence_level":0.95,"lower_bound":0.024325593484988993,"upper_bound":0.047963018333509674},"point_estimate":0.03602486798718685,"standard_error":0.00602977609731572},"median":{"confidence_interval":{"confidence_level":0.95,"lower_bound":0.011004098064167911,"upper_bound":0.026323801274170038},"point_estimate":0.015768560977772017,"standard_error":0.004024038344774171}}