{"mean":{"confidence_interval":{"confidence_level":0.95,"lower_bound":0.015422689420703684,"upper_bound":0.028815397934168648},"point_estimate":0.021940683200782907,"standard_error":0.0034144806858914475},"median":{"confidence_interval":{"confidence_level":0.95,"lower_bound":0.012779310325203852,"upper_bound":0.024587515414084438},"point_estimate":0.019812002739463708,"standard_error":0.003049756814928532}}