{"mean":{"confidence_interval":{"confidence_level":0.95,"lower_bound":-0.006978795576720066,"upper_bound":0.014571025597362345},"point_estimate":0.003204749393142192,"standard_error":0.005479620680950082},"median":{"confidence_interval":{"confidence_level":0.95,"lower_bound":-0.004968372855576497,"upper_bound":0.01390162495920877},"point_estimate":0.0036587763015376584,"standard_error":0.004281295791156435}}