{"mean":{"confidence_interval":{"confidence_level":0.95,"lower_bound":658.6913588986556,"upper_bound":670.4108811986454},"point_estimate":664.3529285487529,"standard_error":2.987963767265782},"median":{"confidence_interval":{"confidence_level":0.95,"lower_bound":643.2831380033733,"upper_bound":659.6771732678103},"point_estimate":649.6786149455017,"standard_error":4.770176113459996},"median_abs_dev":{"confidence_interval":{"confidence_level":0.95,"lower_bound":5.987230856694837,"upper_bound":29.469477550488552},"point_estimate":15.099925914513348,"standard_error":6.639184044594745},"slope":{"confidence_interval":{"confidence_level":0.95,"lower_bound":646.0043368698741,"upper_bound":652.4915292316167},"point_estimate":648.945183702262,"standard_error":1.6602403812235547},"std_dev":{"confidence_interval":{"confidence_level":0.95,"lower_bound":24.224619512386873,"upper_bound":36.106189810828404},"point_estimate":30.030692608857024,"standard_error":3.070612220086051}}