{"mean":{"confidence_interval":{"confidence_level":0.95,"lower_bound":1459822884.1625,"upper_bound":1480691740.9975},"point_estimate":1470366212.6,"standard_error":5345956.518362266},"median":{"confidence_interval":{"confidence_level":0.95,"lower_bound":1456910479.5,"upper_bound":1483635542.0},"point_estimate":1469825333.0,"standard_error":7323698.1507243095},"median_abs_dev":{"confidence_interval":{"confidence_level":0.95,"lower_bound":686814.4378066063,"upper_bound":30362350.18596053},"point_estimate":20131608.280992508,"standard_error":7601504.745494936},"slope":null,"std_dev":{"confidence_interval":{"confidence_level":0.95,"lower_bound":9743640.696979778,"upper_bound":22528086.663492456},"point_estimate":17830701.9943489,"standard_error":3208968.5886871046}}