{"mean":{"confidence_interval":{"confidence_level":0.95,"lower_bound":0.01920804656794339,"upper_bound":0.03845462567835832},"point_estimate":0.02926780783649896,"standard_error":0.004890958203642355},"median":{"confidence_interval":{"confidence_level":0.95,"lower_bound":0.01383536435724353,"upper_bound":0.03483756296756324},"point_estimate":0.020964327404851435,"standard_error":0.005567733679167077}}