{"mean":{"confidence_interval":{"confidence_level":0.95,"lower_bound":3860596.0503269215,"upper_bound":3911050.5276730773},"point_estimate":3885990.096153845,"standard_error":12891.595767390821},"median":{"confidence_interval":{"confidence_level":0.95,"lower_bound":3894448.730769231,"upper_bound":3928612.153846154},"point_estimate":3907530.4615384615,"standard_error":8564.191280229861},"median_abs_dev":{"confidence_interval":{"confidence_level":0.95,"lower_bound":63129.22092538624,"upper_bound":128537.08396416386},"point_estimate":99911.55688006134,"standard_error":16852.981272914876},"slope":null,"std_dev":{"confidence_interval":{"confidence_level":0.95,"lower_bound":111466.5990447094,"upper_bound":145456.25882059743},"point_estimate":129696.9823403446,"standard_error":8652.757958873384}}