{"mean":{"confidence_interval":{"confidence_level":0.95,"lower_bound":0.008992521808769279,"upper_bound":0.07671342462355797},"point_estimate":0.03381380001667833,"standard_error":0.019458826005925096},"median":{"confidence_interval":{"confidence_level":0.95,"lower_bound":0.002754716407878277,"upper_bound":0.01320512550776672},"point_estimate":0.006325479371196208,"standard_error":0.0026615026075738806}}