{"mean":{"confidence_interval":{"confidence_level":0.95,"lower_bound":729113791.7,"upper_bound":759791112.855},"point_estimate":743647266.6,"standard_error":7869740.252038933},"median":{"confidence_interval":{"confidence_level":0.95,"lower_bound":726497729.0,"upper_bound":762619645.5},"point_estimate":737356437.5,"standard_error":8787123.653422622},"median_abs_dev":{"confidence_interval":{"confidence_level":0.95,"lower_bound":2051392.781880498,"upper_bound":42595312.96208203},"point_estimate":17370419.279113412,"standard_error":11059136.243756117},"slope":null,"std_dev":{"confidence_interval":{"confidence_level":0.95,"lower_bound":10550720.757460942,"upper_bound":33057743.18430732},"point_estimate":26258981.67652449,"standard_error":5479078.266953113}}