{"mean":{"confidence_interval":{"confidence_level":0.95,"lower_bound":0.001366718689442803,"upper_bound":0.032350490896571285},"point_estimate":0.01599836713249747,"standard_error":0.007942581159912844},"median":{"confidence_interval":{"confidence_level":0.95,"lower_bound":-0.004299541802141649,"upper_bound":0.04460289347608315},"point_estimate":0.008761958382456303,"standard_error":0.011958809922559991}}