{"mean":{"confidence_interval":{"confidence_level":0.95,"lower_bound":-0.007685037423616062,"upper_bound":0.01641314964488473},"point_estimate":0.004476104066250874,"standard_error":0.006156077517216626},"median":{"confidence_interval":{"confidence_level":0.95,"lower_bound":0.007286615806475272,"upper_bound":0.023043141315961524},"point_estimate":0.013785468011661806,"standard_error":0.004199860666770767}}