{"mean":{"confidence_interval":{"confidence_level":0.95,"lower_bound":3328160316.19,"upper_bound":3377737997.8424997},"point_estimate":3349663412.4,"standard_error":12870420.488635205},"median":{"confidence_interval":{"confidence_level":0.95,"lower_bound":3318107874.5,"upper_bound":3359646000.0},"point_estimate":3348197812.5,"standard_error":11453439.43120412},"median_abs_dev":{"confidence_interval":{"confidence_level":0.95,"lower_bound":5068422.200417519,"upper_bound":54949820.02534568},"point_estimate":23690681.43900633,"standard_error":12634442.95532477},"slope":null,"std_dev":{"confidence_interval":{"confidence_level":0.95,"lower_bound":14964774.934730979,"upper_bound":62794202.85140424},"point_estimate":43051264.95294385,"standard_error":14776233.767692508}}