{"mean":{"confidence_interval":{"confidence_level":0.95,"lower_bound":16912768.25675,"upper_bound":17311274.965500005},"point_estimate":17086364.569999997,"standard_error":102192.6124758871},"median":{"confidence_interval":{"confidence_level":0.95,"lower_bound":16960264.0,"upper_bound":17192277.666666668},"point_estimate":17109055.333333336,"standard_error":63642.63560880677},"median_abs_dev":{"confidence_interval":{"confidence_level":0.95,"lower_bound":382243.18391382694,"upper_bound":625749.6042907247},"point_estimate":512135.7444077684,"standard_error":61528.99621978702},"slope":null,"std_dev":{"confidence_interval":{"confidence_level":0.95,"lower_bound":535627.1184145724,"upper_bound":1572548.6429697978},"point_estimate":1028254.5943028259,"standard_error":328156.3632488974}}