{"mean":{"confidence_interval":{"confidence_level":0.95,"lower_bound":5556665.689150003,"upper_bound":5656268.18365},"point_estimate":5606311.793999999,"standard_error":25439.95013315698},"median":{"confidence_interval":{"confidence_level":0.95,"lower_bound":5530154.15,"upper_bound":5599497.95},"point_estimate":5566943.75,"standard_error":18160.0181550667},"median_abs_dev":{"confidence_interval":{"confidence_level":0.95,"lower_bound":105227.45900183944,"upper_bound":263056.4531198143},"point_estimate":171527.55070477724,"standard_error":40609.50455080403},"slope":null,"std_dev":{"confidence_interval":{"confidence_level":0.95,"lower_bound":217748.94597202848,"upper_bound":290550.3162254788},"point_estimate":256112.27079306237,"standard_error":18597.66120458206}}