{"mean":{"confidence_interval":{"confidence_level":0.95,"lower_bound":0.022092119081446933,"upper_bound":0.05949388233740732},"point_estimate":0.03896835610980043,"standard_error":0.009632465959753905},"median":{"confidence_interval":{"confidence_level":0.95,"lower_bound":0.015763277323532776,"upper_bound":0.06379593081066082},"point_estimate":0.024184055220691558,"standard_error":0.013963738538701639}}