{"mean":{"confidence_interval":{"confidence_level":0.95,"lower_bound":5175566.623899996,"upper_bound":5300828.658624998},"point_estimate":5235108.712999999,"standard_error":32141.72672983337},"median":{"confidence_interval":{"confidence_level":0.95,"lower_bound":5113429.2,"upper_bound":5133375.0},"point_estimate":5124158.35,"standard_error":5662.934870820314},"median_abs_dev":{"confidence_interval":{"confidence_level":0.95,"lower_bound":48938.17884117379,"upper_bound":112622.148760558},"point_estimate":73357.78648763882,"standard_error":15738.619806219172},"slope":null,"std_dev":{"confidence_interval":{"confidence_level":0.95,"lower_bound":243683.2746673118,"upper_bound":387489.5854042253},"point_estimate":324417.5574488542,"standard_error":36736.81780710586}}