{"mean":{"confidence_interval":{"confidence_level":0.95,"lower_bound":14414392996.555,"upper_bound":15165877483.6175},"point_estimate":14820611983.4,"standard_error":193363601.72922298},"median":{"confidence_interval":{"confidence_level":0.95,"lower_bound":14232429958.5,"upper_bound":15237293541.5},"point_estimate":15107201541.5,"standard_error":228184913.18390712},"median_abs_dev":{"confidence_interval":{"confidence_level":0.95,"lower_bound":65470935.06555855,"upper_bound":933483274.567759},"point_estimate":401138179.2783737,"standard_error":228173260.7052052},"slope":null,"std_dev":{"confidence_interval":{"confidence_level":0.95,"lower_bound":213540846.93144888,"upper_bound":805141461.5062392},"point_estimate":645171548.6614087,"standard_error":153061197.3192271}}