{"mean":{"confidence_interval":{"confidence_level":0.95,"lower_bound":0.09918201934971375,"upper_bound":0.14600434797409878},"point_estimate":0.12166626883411058,"standard_error":0.011971879524611106},"median":{"confidence_interval":{"confidence_level":0.95,"lower_bound":0.09760460179967345,"upper_bound":0.14951414620688697},"point_estimate":0.10735277332935866,"standard_error":0.012337184744063298}}