{"mean":{"confidence_interval":{"confidence_level":0.95,"lower_bound":-0.012539919097222152,"upper_bound":0.01308517697695436},"point_estimate":0.0005597368083858356,"standard_error":0.006547647270554474},"median":{"confidence_interval":{"confidence_level":0.95,"lower_bound":0.0036618695053391892,"upper_bound":0.030612448999156605},"point_estimate":0.018811068682616616,"standard_error":0.006732307430306094}}