{"mean":{"confidence_interval":{"confidence_level":0.95,"lower_bound":775935699.96,"upper_bound":840016246.1},"point_estimate":800688816.8,"standard_error":17683610.58270849},"median":{"confidence_interval":{"confidence_level":0.95,"lower_bound":774946459.0,"upper_bound":793551875.0},"point_estimate":791368666.5,"standard_error":6864097.832061491},"median_abs_dev":{"confidence_interval":{"confidence_level":0.95,"lower_bound":994485.0669443607,"upper_bound":32488243.61651838},"point_estimate":9404687.608033419,"standard_error":9813939.729855265},"slope":null,"std_dev":{"confidence_interval":{"confidence_level":0.95,"lower_bound":7219362.287107708,"upper_bound":90147114.58592217},"point_estimate":58837276.484963246,"standard_error":27595921.759443846}}