{"mean":{"confidence_interval":{"confidence_level":0.95,"lower_bound":15281657.9093125,"upper_bound":15495144.1856875},"point_estimate":15385011.4675,"standard_error":54423.20198826522},"median":{"confidence_interval":{"confidence_level":0.95,"lower_bound":15452067.75,"upper_bound":15525687.5},"point_estimate":15496807.25,"standard_error":24081.657297542555},"median_abs_dev":{"confidence_interval":{"confidence_level":0.95,"lower_bound":95967.39902123809,"upper_bound":273436.26989615976},"point_estimate":144499.38253462315,"standard_error":46123.13431754519},"slope":null,"std_dev":{"confidence_interval":{"confidence_level":0.95,"lower_bound":396259.48624800117,"upper_bound":696798.1610966914},"point_estimate":546654.0669706496,"standard_error":77907.90582897358}}