{"mean":{"confidence_interval":{"confidence_level":0.95,"lower_bound":-0.012741715088474936,"upper_bound":0.005217468900291575},"point_estimate":-0.0032279700762806174,"standard_error":0.004568679103111978},"median":{"confidence_interval":{"confidence_level":0.95,"lower_bound":0.002391126611907277,"upper_bound":0.011469610580489897},"point_estimate":0.007883842186384493,"standard_error":0.0022520064799433537}}