{"mean":{"confidence_interval":{"confidence_level":0.95,"lower_bound":-0.01767657505842066,"upper_bound":0.0006129717311272761},"point_estimate":-0.00833013953801165,"standard_error":0.004685872874169033},"median":{"confidence_interval":{"confidence_level":0.95,"lower_bound":-0.007831165770533333,"upper_bound":0.005642470346638229},"point_estimate":0.0001244316636805909,"standard_error":0.0032619866218705036}}