{"mean":{"confidence_interval":{"confidence_level":0.95,"lower_bound":1519.9252781532603,"upper_bound":1553.651599670276},"point_estimate":1536.6641223069303,"standard_error":8.658751611312734},"median":{"confidence_interval":{"confidence_level":0.95,"lower_bound":1520.1107486263736,"upper_bound":1549.4572368421052},"point_estimate":1537.343506412392,"standard_error":7.4349158832517706},"median_abs_dev":{"confidence_interval":{"confidence_level":0.95,"lower_bound":43.15543887757518,"upper_bound":97.8663216779064},"point_estimate":63.743449763942785,"standard_error":14.391987587314329},"slope":{"confidence_interval":{"confidence_level":0.95,"lower_bound":1534.118323513483,"upper_bound":1568.9751259831223},"point_estimate":1550.9290583391828,"standard_error":8.869547200762021},"std_dev":{"confidence_interval":{"confidence_level":0.95,"lower_bound":74.99111161977368,"upper_bound":96.87499686239465},"point_estimate":86.92136018058298,"standard_error":5.585567871647479}}