{"mean":{"confidence_interval":{"confidence_level":0.95,"lower_bound":0.04826860958118256,"upper_bound":0.07175153751069532},"point_estimate":0.05944689013597415,"standard_error":0.006002334288805555},"median":{"confidence_interval":{"confidence_level":0.95,"lower_bound":0.02452447513225046,"upper_bound":0.037324262660375584},"point_estimate":0.03131259325523472,"standard_error":0.003442044760614487}}