{"mean":{"confidence_interval":{"confidence_level":0.95,"lower_bound":3389507408.3,"upper_bound":3443313462.8525},"point_estimate":3416137033.3,"standard_error":13821156.208699565},"median":{"confidence_interval":{"confidence_level":0.95,"lower_bound":3367647625.0,"upper_bound":3467359417.0},"point_estimate":3409596500.0,"standard_error":25637979.775903214},"median_abs_dev":{"confidence_interval":{"confidence_level":0.95,"lower_bound":6405665.848776698,"upper_bound":74592230.36032319},"point_estimate":62869281.23384714,"standard_error":18025354.629168913},"slope":null,"std_dev":{"confidence_interval":{"confidence_level":0.95,"lower_bound":29864564.235940997,"upper_bound":53428764.11751544},"point_estimate":46218890.29743996,"standard_error":6048665.671744333}}