{"mean":{"confidence_interval":{"confidence_level":0.95,"lower_bound":0.0014666907437872897,"upper_bound":0.03638865582095259},"point_estimate":0.018033090008484187,"standard_error":0.008908230394979828},"median":{"confidence_interval":{"confidence_level":0.95,"lower_bound":-0.008360046070332583,"upper_bound":0.04803828460307913},"point_estimate":0.015779499350718762,"standard_error":0.012103094590916887}}