{"mean":{"confidence_interval":{"confidence_level":0.95,"lower_bound":-0.011870603553179539,"upper_bound":0.0067980082502450976},"point_estimate":-0.002576559081383767,"standard_error":0.004760625909341478},"median":{"confidence_interval":{"confidence_level":0.95,"lower_bound":-0.005039916689492774,"upper_bound":0.008542643726084043},"point_estimate":0.0013782876916643705,"standard_error":0.00372691670347267}}