{"mean":{"confidence_interval":{"confidence_level":0.95,"lower_bound":473187354.6675,"upper_bound":480010662.55},"point_estimate":476541433.4,"standard_error":1743822.2258390242},"median":{"confidence_interval":{"confidence_level":0.95,"lower_bound":472593968.75,"upper_bound":481389791.75},"point_estimate":475960093.75,"standard_error":1802815.9558018146},"median_abs_dev":{"confidence_interval":{"confidence_level":0.95,"lower_bound":1174420.0714498758,"upper_bound":10896908.914241195},"point_estimate":3742607.544605434,"standard_error":2633749.4036967675},"slope":null,"std_dev":{"confidence_interval":{"confidence_level":0.95,"lower_bound":2968236.4126859442,"upper_bound":7477629.13773232},"point_estimate":5815954.046547574,"standard_error":1164572.7598501316}}