{"mean":{"confidence_interval":{"confidence_level":0.95,"lower_bound":15309737266.115002,"upper_bound":15368799137.9925},"point_estimate":15339050133.4,"standard_error":15114885.271336934},"median":{"confidence_interval":{"confidence_level":0.95,"lower_bound":15298829521.0,"upper_bound":15392248666.0},"point_estimate":15334239354.5,"standard_error":22284813.316799235},"median_abs_dev":{"confidence_interval":{"confidence_level":0.95,"lower_bound":14210906.814005971,"upper_bound":86224277.57591307},"point_estimate":61295347.17139006,"standard_error":19817696.34350922},"slope":null,"std_dev":{"confidence_interval":{"confidence_level":0.95,"lower_bound":30109858.03164921,"upper_bound":61350301.909041025},"point_estimate":50307974.92928054,"standard_error":7931634.754318984}}