{"mean":{"confidence_interval":{"confidence_level":0.95,"lower_bound":0.03354894412898895,"upper_bound":0.06623136560246723},"point_estimate":0.048665742810398704,"standard_error":0.008333513255914596},"median":{"confidence_interval":{"confidence_level":0.95,"lower_bound":0.036054277857028305,"upper_bound":0.059468886956283384},"point_estimate":0.04053224977604497,"standard_error":0.005745601733844831}}