{"mean":{"confidence_interval":{"confidence_level":0.95,"lower_bound":0.05792152712175846,"upper_bound":0.09223695321795215},"point_estimate":0.07356696937613538,"standard_error":0.008638616986214619},"median":{"confidence_interval":{"confidence_level":0.95,"lower_bound":0.05420827520930138,"upper_bound":0.07092613280732873},"point_estimate":0.06077577499674636,"standard_error":0.004404944224260768}}