{"mean":{"confidence_interval":{"confidence_level":0.95,"lower_bound":-0.0021390533432023785,"upper_bound":0.015124081448931403},"point_estimate":0.006799638881832104,"standard_error":0.004399761150484632},"median":{"confidence_interval":{"confidence_level":0.95,"lower_bound":0.006322559802454632,"upper_bound":0.016604803030561444},"point_estimate":0.012147907694743942,"standard_error":0.0026323440252651593}}