{"mean":{"confidence_interval":{"confidence_level":0.95,"lower_bound":2183549.355586956,"upper_bound":2210234.7826086963},"point_estimate":2196603.8586956523,"standard_error":6822.724282828862},"median":{"confidence_interval":{"confidence_level":0.95,"lower_bound":2173288.0434782607,"upper_bound":2213322.4565217393},"point_estimate":2196389.5,"standard_error":10622.924376313797},"median_abs_dev":{"confidence_interval":{"confidence_level":0.95,"lower_bound":53024.414528193774,"upper_bound":81515.2014143377},"point_estimate":67362.9611779813,"standard_error":7183.295250483684},"slope":null,"std_dev":{"confidence_interval":{"confidence_level":0.95,"lower_bound":55967.14174538806,"upper_bound":80280.31997313745},"point_estimate":68504.21434822296,"standard_error":6226.309873167447}}