{"mean":{"confidence_interval":{"confidence_level":0.95,"lower_bound":663624790.7,"upper_bound":685455976.5975},"point_estimate":674881783.2,"standard_error":5543120.57023191},"median":{"confidence_interval":{"confidence_level":0.95,"lower_bound":660743312.5,"upper_bound":687886791.5},"point_estimate":677092875.0,"standard_error":4800408.766836495},"median_abs_dev":{"confidence_interval":{"confidence_level":0.95,"lower_bound":1082791.6865766048,"upper_bound":36952877.71895528},"point_estimate":6127060.850822926,"standard_error":9988755.389389016},"slope":null,"std_dev":{"confidence_interval":{"confidence_level":0.95,"lower_bound":8640217.802158888,"upper_bound":23885385.265801333},"point_estimate":18523116.810086243,"standard_error":3968774.7463328997}}