{"mean":{"confidence_interval":{"confidence_level":0.95,"lower_bound":2458974070.9,"upper_bound":3078432148.87},"point_estimate":2805952895.8,"standard_error":160769618.32575324},"median":{"confidence_interval":{"confidence_level":0.95,"lower_bound":2459758396.0,"upper_bound":3150914959.0},"point_estimate":2973508416.5,"standard_error":138091553.4982585},"median_abs_dev":{"confidence_interval":{"confidence_level":0.95,"lower_bound":17323285.20205021,"upper_bound":700573984.1085255},"point_estimate":217196202.2323966,"standard_error":149311291.42369375},"slope":null,"std_dev":{"confidence_interval":{"confidence_level":0.95,"lower_bound":101833543.46376272,"upper_bound":699372165.3848082},"point_estimate":535540559.67682654,"standard_error":162403086.38746807}}