{"mean":{"confidence_interval":{"confidence_level":0.95,"lower_bound":0.017938400579795916,"upper_bound":0.09589853973558443},"point_estimate":0.04814124740678993,"standard_error":0.02030012175451708},"median":{"confidence_interval":{"confidence_level":0.95,"lower_bound":0.015482421706398464,"upper_bound":0.030570626957482805},"point_estimate":0.02308469289991666,"standard_error":0.0036871246071690047}}