{"mean":{"confidence_interval":{"confidence_level":0.95,"lower_bound":42.5928056528967,"upper_bound":43.12814478843374},"point_estimate":42.86426083285518,"standard_error":0.13669686918163806},"median":{"confidence_interval":{"confidence_level":0.95,"lower_bound":42.78633808806795,"upper_bound":43.69731382397904},"point_estimate":43.352562955026244,"standard_error":0.22200802211837045},"median_abs_dev":{"confidence_interval":{"confidence_level":0.95,"lower_bound":0.6674217779044623,"upper_bound":1.7207851391174196},"point_estimate":1.0387357027405626,"standard_error":0.24104725568147747},"slope":{"confidence_interval":{"confidence_level":0.95,"lower_bound":42.976983524691654,"upper_bound":43.59135087351218},"point_estimate":43.298174983080315,"standard_error":0.15669024462609443},"std_dev":{"confidence_interval":{"confidence_level":0.95,"lower_bound":1.2234594485342916,"upper_bound":1.4915082839203877},"point_estimate":1.3733430588468265,"standard_error":0.06845160373017546}}