{"mean":{"confidence_interval":{"confidence_level":0.95,"lower_bound":3454944.016066667,"upper_bound":3490853.170866668},"point_estimate":3473214.1126666684,"standard_error":9144.184775166175},"median":{"confidence_interval":{"confidence_level":0.95,"lower_bound":3489233.333333333,"upper_bound":3496933.3333333335},"point_estimate":3493275.033333333,"standard_error":1958.3631611060127},"median_abs_dev":{"confidence_interval":{"confidence_level":0.95,"lower_bound":15550.793443918274,"upper_bound":38757.83569841043},"point_estimate":27318.930734992075,"standard_error":5954.637177095513},"slope":null,"std_dev":{"confidence_interval":{"confidence_level":0.95,"lower_bound":69370.80689506665,"upper_bound":110595.20220678675},"point_estimate":91464.23276330132,"standard_error":10484.90213524756}}