{"mean":{"confidence_interval":{"confidence_level":0.95,"lower_bound":0.033704192338104136,"upper_bound":0.0842190488121611},"point_estimate":0.057633775384486,"standard_error":0.012957291839209097},"median":{"confidence_interval":{"confidence_level":0.95,"lower_bound":0.03132225199478467,"upper_bound":0.09201834647686247},"point_estimate":0.0564806726896494,"standard_error":0.013374075644900937}}