{"mean":{"confidence_interval":{"confidence_level":0.95,"lower_bound":0.015165865763281928,"upper_bound":0.04254980212960793},"point_estimate":0.028766166976932794,"standard_error":0.006940273229700443},"median":{"confidence_interval":{"confidence_level":0.95,"lower_bound":0.01991040626783125,"upper_bound":0.03941192966551932},"point_estimate":0.036086760678438745,"standard_error":0.00584074553309103}}