{"mean":{"confidence_interval":{"confidence_level":0.95,"lower_bound":0.0004471340766493418,"upper_bound":0.019997166264716572},"point_estimate":0.010365288797281158,"standard_error":0.00500589368218697},"median":{"confidence_interval":{"confidence_level":0.95,"lower_bound":0.001653660865344575,"upper_bound":0.01572172569423792},"point_estimate":0.010168801307017361,"standard_error":0.003966477891094363}}