{"mean":{"confidence_interval":{"confidence_level":0.95,"lower_bound":-0.005922241944828612,"upper_bound":0.01975587437903301},"point_estimate":0.0067935096666928985,"standard_error":0.00653656104593354},"median":{"confidence_interval":{"confidence_level":0.95,"lower_bound":0.00256088461259929,"upper_bound":0.02142648169759143},"point_estimate":0.012657197949559329,"standard_error":0.005026359972402283}}