{"mean":{"confidence_interval":{"confidence_level":0.95,"lower_bound":523.6948236844781,"upper_bound":532.5744933551043},"point_estimate":527.931609773339,"standard_error":2.271339316209471},"median":{"confidence_interval":{"confidence_level":0.95,"lower_bound":522.2603966942149,"upper_bound":525.8657047009686},"point_estimate":524.3207082174024,"standard_error":0.8155157959316434},"median_abs_dev":{"confidence_interval":{"confidence_level":0.95,"lower_bound":5.308600796465488,"upper_bound":11.507861128662185},"point_estimate":7.763032689592586,"standard_error":1.4756008631728912},"slope":{"confidence_interval":{"confidence_level":0.95,"lower_bound":522.8468704795202,"upper_bound":532.2651298376813},"point_estimate":527.3781030425973,"standard_error":2.4073124952245304},"std_dev":{"confidence_interval":{"confidence_level":0.95,"lower_bound":16.649822065363963,"upper_bound":29.176221459552185},"point_estimate":22.891899479469842,"standard_error":3.2488946611055707}}