{"mean":{"confidence_interval":{"confidence_level":0.95,"lower_bound":550743829.3,"upper_bound":567390882.0425},"point_estimate":559408216.9,"standard_error":4248673.99914834},"median":{"confidence_interval":{"confidence_level":0.95,"lower_bound":549356688.0,"upper_bound":568761729.0},"point_estimate":561559479.5,"standard_error":3687235.491703843},"median_abs_dev":{"confidence_interval":{"confidence_level":0.95,"lower_bound":1101509.511244297,"upper_bound":26696405.291444063},"point_estimate":6329250.422233343,"standard_error":6947096.847308817},"slope":null,"std_dev":{"confidence_interval":{"confidence_level":0.95,"lower_bound":6329788.418824531,"upper_bound":18399174.39387031},"point_estimate":14173370.787024748,"standard_error":3090105.7351157083}}