{"mean":{"confidence_interval":{"confidence_level":0.95,"lower_bound":16393804066.9,"upper_bound":16475840321.6575},"point_estimate":16435088400.3,"standard_error":21082489.210796073},"median":{"confidence_interval":{"confidence_level":0.95,"lower_bound":16378459771.0,"upper_bound":16494259000.0},"point_estimate":16430332209.0,"standard_error":27914247.714760717},"median_abs_dev":{"confidence_interval":{"confidence_level":0.95,"lower_bound":12020982.855784893,"upper_bound":126412465.68363011},"point_estimate":69925993.79606545,"standard_error":28863102.197039783},"slope":null,"std_dev":{"confidence_interval":{"confidence_level":0.95,"lower_bound":40541513.6566833,"upper_bound":87246045.7972262},"point_estimate":70234506.23926182,"standard_error":11989471.804648746}}