{"mean":{"confidence_interval":{"confidence_level":0.95,"lower_bound":-0.0526734197723149,"upper_bound":-0.008289453537109233},"point_estimate":-0.03012270428442876,"standard_error":0.011372769401054514},"median":{"confidence_interval":{"confidence_level":0.95,"lower_bound":-0.059152614404350046,"upper_bound":0.000652678324176259},"point_estimate":-0.027767028569433694,"standard_error":0.013751990425762403}}