{"mean":{"confidence_interval":{"confidence_level":0.95,"lower_bound":4180.2152491575525,"upper_bound":4216.898186203147},"point_estimate":4198.302747192172,"standard_error":9.364418715457969},"median":{"confidence_interval":{"confidence_level":0.95,"lower_bound":4161.666362264151,"upper_bound":4191.783545197741},"point_estimate":4167.4084669950735,"standard_error":7.410403527822999},"median_abs_dev":{"confidence_interval":{"confidence_level":0.95,"lower_bound":43.88788963242845,"upper_bound":89.9424056612679},"point_estimate":59.057146692294694,"standard_error":12.341867121385594},"slope":{"confidence_interval":{"confidence_level":0.95,"lower_bound":4171.837948980109,"upper_bound":4210.473426561954},"point_estimate":4190.249447861682,"standard_error":9.876656202918696},"std_dev":{"confidence_interval":{"confidence_level":0.95,"lower_bound":79.6661813727615,"upper_bound":106.73804576615426},"point_estimate":93.95673786691093,"standard_error":6.914840035025555}}