{"mean":{"confidence_interval":{"confidence_level":0.95,"lower_bound":3570028.0142833344,"upper_bound":3622279.5065500005},"point_estimate":3596338.776000001,"standard_error":13315.372072148853},"median":{"confidence_interval":{"confidence_level":0.95,"lower_bound":3582220.833333333,"upper_bound":3609922.2},"point_estimate":3590313.8666666667,"standard_error":7428.317179443431},"median_abs_dev":{"confidence_interval":{"confidence_level":0.95,"lower_bound":39991.05865001692,"upper_bound":94132.84216880807},"point_estimate":56651.825274229006,"standard_error":13996.280464490581},"slope":null,"std_dev":{"confidence_interval":{"confidence_level":0.95,"lower_bound":107659.21875708706,"upper_bound":156163.37644585568},"point_estimate":133541.11058415571,"standard_error":12393.819980529286}}