{"mean":{"confidence_interval":{"confidence_level":0.95,"lower_bound":-0.01036138154920713,"upper_bound":0.010055560847028827},"point_estimate":0.00041749262913448604,"standard_error":0.005177921217270834},"median":{"confidence_interval":{"confidence_level":0.95,"lower_bound":-0.016262528626775463,"upper_bound":0.017105170874350373},"point_estimate":0.0008431739238161651,"standard_error":0.008227918554235642}}