{"mean":{"confidence_interval":{"confidence_level":0.95,"lower_bound":-0.0331955102259355,"upper_bound":0.028127174171473434},"point_estimate":-0.00192339485309434,"standard_error":0.01563450279326686},"median":{"confidence_interval":{"confidence_level":0.95,"lower_bound":-0.01054086661992848,"upper_bound":0.029732918443460044},"point_estimate":0.002548013901619628,"standard_error":0.009580969140285058}}