{"mean":{"confidence_interval":{"confidence_level":0.95,"lower_bound":2362472.773386363,"upper_bound":2385149.4618749996},"point_estimate":2374319.373636364,"standard_error":5775.828777065871},"median":{"confidence_interval":{"confidence_level":0.95,"lower_bound":2383181.8181818184,"upper_bound":2394443.1818181816},"point_estimate":2390215.8863636362,"standard_error":3228.2463229201308},"median_abs_dev":{"confidence_interval":{"confidence_level":0.95,"lower_bound":18712.197526883057,"upper_bound":33578.901372037275},"point_estimate":24533.087196268694,"standard_error":3703.867164069248},"slope":null,"std_dev":{"confidence_interval":{"confidence_level":0.95,"lower_bound":43221.5981232743,"upper_bound":69795.57403585267},"point_estimate":57930.8730845349,"standard_error":6776.701752061155}}