{"mean":{"confidence_interval":{"confidence_level":0.95,"lower_bound":12504573.4845625,"upper_bound":12526614.48325},"point_estimate":12515719.9,"standard_error":5624.677319818728},"median":{"confidence_interval":{"confidence_level":0.95,"lower_bound":12512270.75,"upper_bound":12520562.5},"point_estimate":12517104.125,"standard_error":2514.133952160337},"median_abs_dev":{"confidence_interval":{"confidence_level":0.95,"lower_bound":20524.743385612965,"upper_bound":44477.813885360956},"point_estimate":30007.0821672678,"standard_error":6140.8243623309945},"slope":null,"std_dev":{"confidence_interval":{"confidence_level":0.95,"lower_bound":46289.04845215763,"upper_bound":65944.88817956139},"point_estimate":56702.11800947211,"standard_error":5014.910815839749}}