{"mean":{"confidence_interval":{"confidence_level":0.95,"lower_bound":-0.017409084092492737,"upper_bound":0.005384243473470265},"point_estimate":-0.005447254124151257,"standard_error":0.005697062864744872},"median":{"confidence_interval":{"confidence_level":0.95,"lower_bound":-0.013726199505072959,"upper_bound":0.008766672558783606},"point_estimate":-0.0017973734800345031,"standard_error":0.004901324931561822}}