{"mean":{"confidence_interval":{"confidence_level":0.95,"lower_bound":0.00301370208524179,"upper_bound":0.023691015989617994},"point_estimate":0.013210444104252428,"standard_error":0.005267216117892131},"median":{"confidence_interval":{"confidence_level":0.95,"lower_bound":0.01949365162649297,"upper_bound":0.05268158049173897},"point_estimate":0.04123051867750793,"standard_error":0.008249088773138206}}