{"mean":{"confidence_interval":{"confidence_level":0.95,"lower_bound":1203.42249104019,"upper_bound":1216.871884041616},"point_estimate":1209.7656478183433,"standard_error":3.4310901954015485},"median":{"confidence_interval":{"confidence_level":0.95,"lower_bound":1200.7741798642535,"upper_bound":1205.5097376788553},"point_estimate":1203.4605407781182,"standard_error":1.0544419621550805},"median_abs_dev":{"confidence_interval":{"confidence_level":0.95,"lower_bound":9.982686250468044,"upper_bound":28.162626436759155},"point_estimate":15.200072265530597,"standard_error":5.070963013984607},"slope":{"confidence_interval":{"confidence_level":0.95,"lower_bound":1203.0789218031805,"upper_bound":1227.0636098823475},"point_estimate":1213.9897975614067,"standard_error":6.161512331505667},"std_dev":{"confidence_interval":{"confidence_level":0.95,"lower_bound":22.97769334366958,"upper_bound":45.82649636886061},"point_estimate":34.600416619184905,"standard_error":5.955528929183575}}