{"mean":{"confidence_interval":{"confidence_level":0.95,"lower_bound":4002496.224596154,"upper_bound":4018212.1194615383},"point_estimate":4010498.656153847,"standard_error":4020.604192864803},"median":{"confidence_interval":{"confidence_level":0.95,"lower_bound":4010272.4615384615,"upper_bound":4033655.4615384615},"point_estimate":4027769.1923076925,"standard_error":5670.67857462417},"median_abs_dev":{"confidence_interval":{"confidence_level":0.95,"lower_bound":20656.609248656066,"upper_bound":50686.329577060795},"point_estimate":31041.879925819492,"standard_error":7141.622325316385},"slope":null,"std_dev":{"confidence_interval":{"confidence_level":0.95,"lower_bound":35515.78554322681,"upper_bound":44550.66802569503},"point_estimate":40397.786077806544,"standard_error":2295.8139692353866}}