{"mean":{"confidence_interval":{"confidence_level":0.95,"lower_bound":2138831.6838152185,"upper_bound":2165896.1057717404},"point_estimate":2152353.2986956523,"standard_error":6916.9519364715015},"median":{"confidence_interval":{"confidence_level":0.95,"lower_bound":2161654.8913043477,"upper_bound":2177393.086956522},"point_estimate":2171492.7608695654,"standard_error":4052.739896880064},"median_abs_dev":{"confidence_interval":{"confidence_level":0.95,"lower_bound":19626.94852546528,"upper_bound":37995.65312979062},"point_estimate":27232.04178175196,"standard_error":4896.759484118898},"slope":null,"std_dev":{"confidence_interval":{"confidence_level":0.95,"lower_bound":56238.0642331201,"upper_bound":81776.77114967952},"point_estimate":69496.2249924608,"standard_error":6538.197715394624}}