{"mean":{"confidence_interval":{"confidence_level":0.95,"lower_bound":0.06510096686422587,"upper_bound":0.07718237623072519},"point_estimate":0.07143882627374776,"standard_error":0.0031035384713962006},"median":{"confidence_interval":{"confidence_level":0.95,"lower_bound":0.0804314838718978,"upper_bound":0.08715492736977071},"point_estimate":0.08338840746457743,"standard_error":0.0017002841288332726}}