{"mean":{"confidence_interval":{"confidence_level":0.95,"lower_bound":691136576.1825,"upper_bound":698021070.7},"point_estimate":694611245.7,"standard_error":1768200.2406239745},"median":{"confidence_interval":{"confidence_level":0.95,"lower_bound":689135833.0,"upper_bound":699122395.5},"point_estimate":695374916.5,"standard_error":3214476.302086664},"median_abs_dev":{"confidence_interval":{"confidence_level":0.95,"lower_bound":441567.19796061516,"upper_bound":9820680.697748065},"point_estimate":5615162.0753109455,"standard_error":2568834.622635758},"slope":null,"std_dev":{"confidence_interval":{"confidence_level":0.95,"lower_bound":3735201.573079662,"upper_bound":7182674.3991786735},"point_estimate":5911881.438148511,"standard_error":887209.3296279267}}