{"mean":{"confidence_interval":{"confidence_level":0.95,"lower_bound":0.08812011400728664,"upper_bound":0.10124932275883715},"point_estimate":0.09500461539027594,"standard_error":0.003382769410890411},"median":{"confidence_interval":{"confidence_level":0.95,"lower_bound":0.0878023682656941,"upper_bound":0.10252845786140338},"point_estimate":0.09394250083263422,"standard_error":0.003839562716162221}}