{"mean":{"confidence_interval":{"confidence_level":0.95,"lower_bound":0.01684685317559883,"upper_bound":0.04744643432895601},"point_estimate":0.032214660437426934,"standard_error":0.007804918046909916},"median":{"confidence_interval":{"confidence_level":0.95,"lower_bound":0.02228522322617499,"upper_bound":0.043403280512654074},"point_estimate":0.03647014318705266,"standard_error":0.005197305335577692}}