{"mean":{"confidence_interval":{"confidence_level":0.95,"lower_bound":2054665808.4,"upper_bound":2103232404.0},"point_estimate":2075081737.4,"standard_error":12650132.008585608},"median":{"confidence_interval":{"confidence_level":0.95,"lower_bound":2052811167.0,"upper_bound":2082622833.0},"point_estimate":2066035208.0,"standard_error":7527267.017316693},"median_abs_dev":{"confidence_interval":{"confidence_level":0.95,"lower_bound":3143698.3124881983,"upper_bound":42863478.23232114},"point_estimate":20383802.984315157,"standard_error":9793475.606321394},"slope":null,"std_dev":{"confidence_interval":{"confidence_level":0.95,"lower_bound":10247353.22371022,"upper_bound":62013713.76521889},"point_estimate":41907327.077826716,"standard_error":15811048.62624786}}