{"mean":{"confidence_interval":{"confidence_level":0.95,"lower_bound":38491817.595912695,"upper_bound":39557356.12821131},"point_estimate":39081211.59850529,"standard_error":275392.29036519286},"median":{"confidence_interval":{"confidence_level":0.95,"lower_bound":38760923.06613757,"upper_bound":39541476.4},"point_estimate":39256884.52083333,"standard_error":175545.6460154045},"median_abs_dev":{"confidence_interval":{"confidence_level":0.95,"lower_bound":49139.253815100696,"upper_bound":1339725.5364040015},"point_estimate":380433.96716594585,"standard_error":307132.9849096966},"slope":{"confidence_interval":{"confidence_level":0.95,"lower_bound":38462575.350167386,"upper_bound":39595244.65108615},"point_estimate":39081975.04069264,"standard_error":291795.99676618533},"std_dev":{"confidence_interval":{"confidence_level":0.95,"lower_bound":210171.34538728293,"upper_bound":1300047.9855338114},"point_estimate":918323.858404881,"standard_error":292325.8653222468}}