{"mean":{"confidence_interval":{"confidence_level":0.95,"lower_bound":1851949829.1,"upper_bound":1908130376.3025},"point_estimate":1877630150.1,"standard_error":14432248.275351712},"median":{"confidence_interval":{"confidence_level":0.95,"lower_bound":1841506958.5,"upper_bound":1904618104.5},"point_estimate":1869622146.0,"standard_error":14681311.704429558},"median_abs_dev":{"confidence_interval":{"confidence_level":0.95,"lower_bound":11344299.023598433,"upper_bound":72667353.0232966},"point_estimate":29862158.761140704,"standard_error":16520971.371136686},"slope":null,"std_dev":{"confidence_interval":{"confidence_level":0.95,"lower_bound":19792845.292916592,"upper_bound":65197930.13526967},"point_estimate":48018606.07211347,"standard_error":12545319.684339484}}