{"mean":{"confidence_interval":{"confidence_level":0.95,"lower_bound":2838158.6926666666,"upper_bound":2881729.928638887},"point_estimate":2859162.0361111118,"standard_error":11124.823982537786},"median":{"confidence_interval":{"confidence_level":0.95,"lower_bound":2864013.888888889,"upper_bound":2875692.111111111},"point_estimate":2870594.888888889,"standard_error":2496.574891877273},"median_abs_dev":{"confidence_interval":{"confidence_level":0.95,"lower_bound":20885.05636254908,"upper_bound":42847.88053929806},"point_estimate":31167.13428000617,"standard_error":5799.48075207001},"slope":null,"std_dev":{"confidence_interval":{"confidence_level":0.95,"lower_bound":76688.03718652934,"upper_bound":142957.2530353203},"point_estimate":112272.94496209642,"standard_error":16981.227326094693}}