{"mean":{"confidence_interval":{"confidence_level":0.95,"lower_bound":0.00543176114659483,"upper_bound":0.020958107012179768},"point_estimate":0.012898906232155616,"standard_error":0.003946502195658773},"median":{"confidence_interval":{"confidence_level":0.95,"lower_bound":0.009820616041770203,"upper_bound":0.014817276004742475},"point_estimate":0.011957055385965143,"standard_error":0.0014404273987999624}}