{"mean":{"confidence_interval":{"confidence_level":0.95,"lower_bound":4485.560792672758,"upper_bound":4553.820589039946},"point_estimate":4519.78883421133,"standard_error":17.42363579384105},"median":{"confidence_interval":{"confidence_level":0.95,"lower_bound":4532.245114155251,"upper_bound":4569.474545667766},"point_estimate":4556.047293314997,"standard_error":8.666715835862492},"median_abs_dev":{"confidence_interval":{"confidence_level":0.95,"lower_bound":62.20553283058364,"upper_bound":213.65216873238157},"point_estimate":110.01954834528031,"standard_error":41.96036695901856},"slope":{"confidence_interval":{"confidence_level":0.95,"lower_bound":4503.565372780007,"upper_bound":4617.92999846092},"point_estimate":4561.370917621306,"standard_error":29.185407454605542},"std_dev":{"confidence_interval":{"confidence_level":0.95,"lower_bound":150.64161233506914,"upper_bound":198.31256288954745},"point_estimate":175.7705188365095,"standard_error":12.144795536637991}}