{"mean":{"confidence_interval":{"confidence_level":0.95,"lower_bound":241033.10453677646,"upper_bound":244806.16401048642},"point_estimate":242819.80995697965,"standard_error":958.9809176298862},"median":{"confidence_interval":{"confidence_level":0.95,"lower_bound":241728.02196969697,"upper_bound":244159.379057971},"point_estimate":242947.1136476427,"standard_error":586.1069078631288},"median_abs_dev":{"confidence_interval":{"confidence_level":0.95,"lower_bound":4607.446083414247,"upper_bound":9540.331221544617},"point_estimate":6298.4860217602245,"standard_error":1197.3620910134198},"slope":{"confidence_interval":{"confidence_level":0.95,"lower_bound":241692.81999980003,"upper_bound":245047.7847068307},"point_estimate":243338.7548745382,"standard_error":857.2263967948286},"std_dev":{"confidence_interval":{"confidence_level":0.95,"lower_bound":6472.536816405928,"upper_bound":12701.598488374493},"point_estimate":9650.997473238554,"standard_error":1622.8578357346453}}