{"mean":{"confidence_interval":{"confidence_level":0.95,"lower_bound":3172896.288109375,"upper_bound":3225482.3830937496},"point_estimate":3198768.593125,"standard_error":13414.481570803446},"median":{"confidence_interval":{"confidence_level":0.95,"lower_bound":3206565.125,"upper_bound":3260708.375},"point_estimate":3242183.59375,"standard_error":12185.089406198673},"median_abs_dev":{"confidence_interval":{"confidence_level":0.95,"lower_bound":44120.63817748336,"upper_bound":109353.3308710903},"point_estimate":70558.64700358361,"standard_error":15570.5562695905},"slope":null,"std_dev":{"confidence_interval":{"confidence_level":0.95,"lower_bound":106582.52366077145,"upper_bound":163889.75673399036},"point_estimate":134959.71764416652,"standard_error":14903.630020011899}}