{"mean":{"confidence_interval":{"confidence_level":0.95,"lower_bound":13015842.93025,"upper_bound":13136690.62325},"point_estimate":13078287.83,"standard_error":30910.811289570993},"median":{"confidence_interval":{"confidence_level":0.95,"lower_bound":13128135.5,"upper_bound":13205260.5},"point_estimate":13178187.375,"standard_error":17253.23500524527},"median_abs_dev":{"confidence_interval":{"confidence_level":0.95,"lower_bound":104693.61181631684,"upper_bound":209177.9917113483},"point_estimate":142576.82101875544,"standard_error":26570.997264043814},"slope":null,"std_dev":{"confidence_interval":{"confidence_level":0.95,"lower_bound":246628.54874606346,"upper_bound":365810.32076648856},"point_estimate":311069.1153066778,"standard_error":30402.86202852944}}