{"mean":{"confidence_interval":{"confidence_level":0.95,"lower_bound":0.03406758361762749,"upper_bound":0.06622087938255432},"point_estimate":0.049719989213540705,"standard_error":0.008199741809434872},"median":{"confidence_interval":{"confidence_level":0.95,"lower_bound":0.026463384712268168,"upper_bound":0.08051174602042876},"point_estimate":0.04293023535467011,"standard_error":0.012545624188802958}}