{"mean":{"confidence_interval":{"confidence_level":0.95,"lower_bound":30731713.57810847,"upper_bound":32228195.89028207},"point_estimate":31401106.301997356,"standard_error":383402.1403079416},"median":{"confidence_interval":{"confidence_level":0.95,"lower_bound":30800514.976190478,"upper_bound":31652571.985185184},"point_estimate":31270702.083333336,"standard_error":216107.49957668694},"median_abs_dev":{"confidence_interval":{"confidence_level":0.95,"lower_bound":93211.25802516863,"upper_bound":1611644.6723125912},"point_estimate":559010.5312089119,"standard_error":372905.47727479675},"slope":{"confidence_interval":{"confidence_level":0.95,"lower_bound":30428798.08003841,"upper_bound":31668011.155172415},"point_estimate":31139112.082251083,"standard_error":323938.45301411307},"std_dev":{"confidence_interval":{"confidence_level":0.95,"lower_bound":338531.3797816597,"upper_bound":1851276.695310275},"point_estimate":1278126.1867609725,"standard_error":427801.65517383954}}