{"mean":{"confidence_interval":{"confidence_level":0.95,"lower_bound":-0.013674067045703694,"upper_bound":0.021489140047236316},"point_estimate":0.004887813041542177,"standard_error":0.00886740415915751},"median":{"confidence_interval":{"confidence_level":0.95,"lower_bound":-0.013125223936873764,"upper_bound":0.020409492854182476},"point_estimate":0.011733357070625283,"standard_error":0.008751144488749765}}