{"mean":{"confidence_interval":{"confidence_level":0.95,"lower_bound":0.03604468642451083,"upper_bound":0.06615627429984348},"point_estimate":0.05080672484005233,"standard_error":0.007719393511155236},"median":{"confidence_interval":{"confidence_level":0.95,"lower_bound":0.029366628038395515,"upper_bound":0.07127688043725033},"point_estimate":0.045528470878459126,"standard_error":0.010319760038680978}}