{"mean":{"confidence_interval":{"confidence_level":0.95,"lower_bound":0.01920333620354167,"upper_bound":0.038332423269861624},"point_estimate":0.02872123333354426,"standard_error":0.004878719697299383},"median":{"confidence_interval":{"confidence_level":0.95,"lower_bound":0.009643223347959641,"upper_bound":0.026756729212036756},"point_estimate":0.014741835992689412,"standard_error":0.004504807054611492}}