{"mean":{"confidence_interval":{"confidence_level":0.95,"lower_bound":0.0013429205385094515,"upper_bound":0.018298156086267094},"point_estimate":0.009777795835485437,"standard_error":0.004337409614038041},"median":{"confidence_interval":{"confidence_level":0.95,"lower_bound":0.001469895494053075,"upper_bound":0.016865814821686476},"point_estimate":0.008640372104004035,"standard_error":0.004020827485857763}}