{"mean":{"confidence_interval":{"confidence_level":0.95,"lower_bound":-0.018513624360174563,"upper_bound":0.002774154112602635},"point_estimate":-0.007770085480577449,"standard_error":0.00543182898953031},"median":{"confidence_interval":{"confidence_level":0.95,"lower_bound":-0.012326464523810476,"upper_bound":0.002906738227563599},"point_estimate":-0.006705922587202484,"standard_error":0.0038784112504900905}}