{"mean":{"confidence_interval":{"confidence_level":0.95,"lower_bound":465015335.95375,"upper_bound":476202428.0025},"point_estimate":470857522.9,"standard_error":2874485.1728542517},"median":{"confidence_interval":{"confidence_level":0.95,"lower_bound":462786833.25,"upper_bound":479200437.5},"point_estimate":474147989.75,"standard_error":4552109.193543742},"median_abs_dev":{"confidence_interval":{"confidence_level":0.95,"lower_bound":1410987.0590999722,"upper_bound":16183320.012688637},"point_estimate":8171195.193882287,"standard_error":4108778.003634424},"slope":null,"std_dev":{"confidence_interval":{"confidence_level":0.95,"lower_bound":4928082.922761728,"upper_bound":11671197.358494064},"point_estimate":9623789.220334925,"standard_error":1696511.8878831968}}