{"mean":{"confidence_interval":{"confidence_level":0.95,"lower_bound":2065222246.3375,"upper_bound":2114964677.5225},"point_estimate":2088255525.1,"standard_error":12780338.427685862},"median":{"confidence_interval":{"confidence_level":0.95,"lower_bound":2058692333.5,"upper_bound":2121012708.0},"point_estimate":2075717563.0,"standard_error":13239393.614208976},"median_abs_dev":{"confidence_interval":{"confidence_level":0.95,"lower_bound":3356607.081708312,"upper_bound":69317542.17986763},"point_estimate":26652667.850920558,"standard_error":15792536.953715261},"slope":null,"std_dev":{"confidence_interval":{"confidence_level":0.95,"lower_bound":15966763.681373168,"upper_bound":54473402.72011648},"point_estimate":42475926.37508799,"standard_error":9946208.820315555}}