{"mean":{"confidence_interval":{"confidence_level":0.95,"lower_bound":-0.012232606177948663,"upper_bound":0.004331264347856348},"point_estimate":-0.004053116108911348,"standard_error":0.004231145679418546},"median":{"confidence_interval":{"confidence_level":0.95,"lower_bound":-0.0024614675293325172,"upper_bound":0.005843237663400336},"point_estimate":0.0022770765502460044,"standard_error":0.0021203178426797745}}