{"mean":{"confidence_interval":{"confidence_level":0.95,"lower_bound":0.0019191985491986607,"upper_bound":0.023545507540951603},"point_estimate":0.01295388401924824,"standard_error":0.0055020894464025425},"median":{"confidence_interval":{"confidence_level":0.95,"lower_bound":0.013905900738642618,"upper_bound":0.022782889456728128},"point_estimate":0.019426075031836243,"standard_error":0.0022933953860844384}}