{"mean":{"confidence_interval":{"confidence_level":0.95,"lower_bound":694050375.0,"upper_bound":716978240.8625},"point_estimate":705748300.0,"standard_error":5854917.705363566},"median":{"confidence_interval":{"confidence_level":0.95,"lower_bound":689844083.0,"upper_bound":725779917.0},"point_estimate":707272542.0,"standard_error":8334051.868385034},"median_abs_dev":{"confidence_interval":{"confidence_level":0.95,"lower_bound":4542562.522253394,"upper_bound":33529369.054734707},"point_estimate":26639233.27125907,"standard_error":7996525.003181883},"slope":null,"std_dev":{"confidence_interval":{"confidence_level":0.95,"lower_bound":11194988.001260264,"upper_bound":24170167.185244035},"point_estimate":19604922.16385812,"standard_error":3287240.11178303}}