{"mean":{"confidence_interval":{"confidence_level":0.95,"lower_bound":823479549.09,"upper_bound":893465004.4775},"point_estimate":852888483.5,"standard_error":18364844.06229125},"median":{"confidence_interval":{"confidence_level":0.95,"lower_bound":817890854.0,"upper_bound":878514333.0},"point_estimate":827080083.5,"standard_error":15598224.563692138},"median_abs_dev":{"confidence_interval":{"confidence_level":0.95,"lower_bound":2790191.6225641966,"upper_bound":73352436.52563393},"point_estimate":25469925.204518437,"standard_error":17842256.85360686},"slope":null,"std_dev":{"confidence_interval":{"confidence_level":0.95,"lower_bound":16420351.205284813,"upper_bound":89730380.15933444},"point_estimate":61192399.77583261,"standard_error":22097118.553661022}}