{"mean":{"confidence_interval":{"confidence_level":0.95,"lower_bound":467638837.4,"upper_bound":499349527.58125},"point_estimate":480035554.05,"standard_error":8800049.411806453},"median":{"confidence_interval":{"confidence_level":0.95,"lower_bound":465896521.0,"upper_bound":482718937.5},"point_estimate":470328374.75,"standard_error":3706833.218009914},"median_abs_dev":{"confidence_interval":{"confidence_level":0.95,"lower_bound":435081.19372576475,"upper_bound":17465676.32742226},"point_estimate":4487273.774684966,"standard_error":5014919.565860422},"slope":null,"std_dev":{"confidence_interval":{"confidence_level":0.95,"lower_bound":3030844.635546191,"upper_bound":44154750.109280124},"point_estimate":29179996.665435124,"standard_error":13097548.838553341}}