{"mean":{"confidence_interval":{"confidence_level":0.95,"lower_bound":42044575.31748512,"upper_bound":43157267.69719577},"point_estimate":42650441.41525133,"standard_error":285965.1892173087},"median":{"confidence_interval":{"confidence_level":0.95,"lower_bound":41914897.541666664,"upper_bound":43307111.111111104},"point_estimate":43026100.995238096,"standard_error":336439.88051240356},"median_abs_dev":{"confidence_interval":{"confidence_level":0.95,"lower_bound":85479.69566576397,"upper_bound":1604493.1900381632},"point_estimate":597165.7494593002,"standard_error":360358.62372654345},"slope":{"confidence_interval":{"confidence_level":0.95,"lower_bound":42201059.296181634,"upper_bound":43054916.78609746},"point_estimate":42700853.46753247,"standard_error":218934.76380815345},"std_dev":{"confidence_interval":{"confidence_level":0.95,"lower_bound":341969.7213037523,"upper_bound":1272504.6590435675},"point_estimate":952087.0896504663,"standard_error":239995.7372353465}}