{"mean":{"confidence_interval":{"confidence_level":0.95,"lower_bound":3622090.0291607147,"upper_bound":3661539.812964285},"point_estimate":3642409.5521428557,"standard_error":10102.331153714067},"median":{"confidence_interval":{"confidence_level":0.95,"lower_bound":3643684.5,"upper_bound":3677669.6428571427},"point_estimate":3657497.0357142854,"standard_error":8374.927605085759},"median_abs_dev":{"confidence_interval":{"confidence_level":0.95,"lower_bound":46258.49587874798,"upper_bound":76980.56188332124},"point_estimate":60385.07907795064,"standard_error":7856.80078751472},"slope":null,"std_dev":{"confidence_interval":{"confidence_level":0.95,"lower_bound":80815.09060068712,"upper_bound":118858.72304226288},"point_estimate":101601.56378615182,"standard_error":9716.002798949581}}