{"mean":{"confidence_interval":{"confidence_level":0.95,"lower_bound":-0.04533186250481796,"upper_bound":0.012875390842233731},"point_estimate":-0.017643065091610066,"standard_error":0.01492218993021306},"median":{"confidence_interval":{"confidence_level":0.95,"lower_bound":-0.06354358511385105,"upper_bound":0.04292276223354419},"point_estimate":-0.02516912761626733,"standard_error":0.023503686434526768}}