{"mean":{"confidence_interval":{"confidence_level":0.95,"lower_bound":568294922.8449999,"upper_bound":576129857.5649999},"point_estimate":572401200.0,"standard_error":2008553.5995313418},"median":{"confidence_interval":{"confidence_level":0.95,"lower_bound":567295500.0,"upper_bound":577963812.5},"point_estimate":573927020.5,"standard_error":2874755.013668614},"median_abs_dev":{"confidence_interval":{"confidence_level":0.95,"lower_bound":1879195.4666376114,"upper_bound":11255467.563575506},"point_estimate":7173189.322650433,"standard_error":2453879.40759911},"slope":null,"std_dev":{"confidence_interval":{"confidence_level":0.95,"lower_bound":3511076.236947077,"upper_bound":8440089.42322224},"point_estimate":6673397.680104274,"standard_error":1283779.9750760875}}