{"mean":{"confidence_interval":{"confidence_level":0.95,"lower_bound":0.014469510524368267,"upper_bound":0.07267605664467114},"point_estimate":0.03804255460472761,"standard_error":0.015551066330699349},"median":{"confidence_interval":{"confidence_level":0.95,"lower_bound":-0.0012088423182506913,"upper_bound":0.013135952401733498},"point_estimate":0.0044288994700920625,"standard_error":0.0037088512475934466}}