{"mean":{"confidence_interval":{"confidence_level":0.95,"lower_bound":0.02452347201007748,"upper_bound":0.055186264862054524},"point_estimate":0.03885405922719665,"standard_error":0.007701470597091826},"median":{"confidence_interval":{"confidence_level":0.95,"lower_bound":0.014024893729403904,"upper_bound":0.03035342874689384},"point_estimate":0.021869137884326095,"standard_error":0.004231367525228166}}