{"mean":{"confidence_interval":{"confidence_level":0.95,"lower_bound":-0.00003689144972643812,"upper_bound":0.022944311737606717},"point_estimate":0.011267622682046285,"standard_error":0.005873719499787298},"median":{"confidence_interval":{"confidence_level":0.95,"lower_bound":-0.004775797634671619,"upper_bound":0.024185435177636938},"point_estimate":0.00955823978828585,"standard_error":0.0077340198072240966}}