{"mean":{"confidence_interval":{"confidence_level":0.95,"lower_bound":4123598.885961538,"upper_bound":4173851.6929615354},"point_estimate":4148905.6353846146,"standard_error":12837.521282621232},"median":{"confidence_interval":{"confidence_level":0.95,"lower_bound":4135964.6923076925,"upper_bound":4172916.6923076925},"point_estimate":4156743.576923077,"standard_error":8327.385899749945},"median_abs_dev":{"confidence_interval":{"confidence_level":0.95,"lower_bound":68660.28394276688,"upper_bound":111841.24054519014},"point_estimate":92883.46277406588,"standard_error":11496.173925930978},"slope":null,"std_dev":{"confidence_interval":{"confidence_level":0.95,"lower_bound":105193.00241699223,"upper_bound":150892.09363976304},"point_estimate":129100.1783476784,"standard_error":11649.23428749206}}