{"mean":{"confidence_interval":{"confidence_level":0.95,"lower_bound":0.0851234458438078,"upper_bound":0.120474783971598},"point_estimate":0.10376748609503217,"standard_error":0.008892140948248944},"median":{"confidence_interval":{"confidence_level":0.95,"lower_bound":0.08079984954542807,"upper_bound":0.12087859366849085},"point_estimate":0.10440665166620677,"standard_error":0.00920714042669822}}