{"mean":{"confidence_interval":{"confidence_level":0.95,"lower_bound":18033623.156842265,"upper_bound":18390445.43569097},"point_estimate":18219810.176421963,"standard_error":91166.06476428985},"median":{"confidence_interval":{"confidence_level":0.95,"lower_bound":17839174.694444444,"upper_bound":18425602.291666668},"point_estimate":18329449.708333336,"standard_error":133896.62389264232},"median_abs_dev":{"confidence_interval":{"confidence_level":0.95,"lower_bound":18773.014451714578,"upper_bound":476956.2244226095},"point_estimate":163912.37156080364,"standard_error":129922.96649084057},"slope":{"confidence_interval":{"confidence_level":0.95,"lower_bound":17866832.375539843,"upper_bound":18416217.81004045},"point_estimate":18114488.49177489,"standard_error":142209.7284369566},"std_dev":{"confidence_interval":{"confidence_level":0.95,"lower_bound":133910.3552710084,"upper_bound":366575.45099869434},"point_estimate":304585.2884161431,"standard_error":53377.306962589304}}