{"mean":{"confidence_interval":{"confidence_level":0.95,"lower_bound":0.0665752686547223,"upper_bound":0.08775821871275503},"point_estimate":0.0777170349378764,"standard_error":0.005421656442936288},"median":{"confidence_interval":{"confidence_level":0.95,"lower_bound":0.06073982153761315,"upper_bound":0.08708981232579954},"point_estimate":0.07996094688981792,"standard_error":0.006941805478061413}}