{"mean":{"confidence_interval":{"confidence_level":0.95,"lower_bound":207.34871313133092,"upper_bound":213.28139993479414},"point_estimate":210.28729454503286,"standard_error":1.513358437909152},"median":{"confidence_interval":{"confidence_level":0.95,"lower_bound":202.51696832579185,"upper_bound":203.85440233785823},"point_estimate":203.09162498431897,"standard_error":0.5041108881365153},"median_abs_dev":{"confidence_interval":{"confidence_level":0.95,"lower_bound":3.192149120918289,"upper_bound":20.40534510612114},"point_estimate":6.012675791305211,"standard_error":3.382102906433086},"slope":{"confidence_interval":{"confidence_level":0.95,"lower_bound":204.50284662703896,"upper_bound":210.53879079910246},"point_estimate":207.30358439311885,"standard_error":1.5378422664766782},"std_dev":{"confidence_interval":{"confidence_level":0.95,"lower_bound":13.736675449226766,"upper_bound":16.403084937549345},"point_estimate":15.262325006706032,"standard_error":0.6772354638866719}}