{"mean":{"confidence_interval":{"confidence_level":0.95,"lower_bound":-0.0315638602850758,"upper_bound":-0.005318263029301842},"point_estimate":-0.018488273326321636,"standard_error":0.006646703882522136},"median":{"confidence_interval":{"confidence_level":0.95,"lower_bound":-0.0324953283399515,"upper_bound":0.004079035147626753},"point_estimate":-0.020708709990205576,"standard_error":0.008334761442577025}}