{"mean":{"confidence_interval":{"confidence_level":0.95,"lower_bound":0.014499280007609026,"upper_bound":0.037199750101792606},"point_estimate":0.026055604924995146,"standard_error":0.005797053946030098},"median":{"confidence_interval":{"confidence_level":0.95,"lower_bound":0.013313910583033635,"upper_bound":0.04061733944441803},"point_estimate":0.024333386843411464,"standard_error":0.008135049534785789}}