{"mean":{"confidence_interval":{"confidence_level":0.95,"lower_bound":0.10674399954632789,"upper_bound":0.1479944934894545},"point_estimate":0.12529785056947196,"standard_error":0.010547731577536563},"median":{"confidence_interval":{"confidence_level":0.95,"lower_bound":0.101369832550398,"upper_bound":0.13519479793813338},"point_estimate":0.11605232425153988,"standard_error":0.008033358866117472}}