{"mean":{"confidence_interval":{"confidence_level":0.95,"lower_bound":4556832.67990909,"upper_bound":4606377.046499998},"point_estimate":4580704.771818181,"standard_error":12690.569311939365},"median":{"confidence_interval":{"confidence_level":0.95,"lower_bound":4525727.2727272725,"upper_bound":4560208.318181818},"point_estimate":4538954.545454545,"standard_error":8705.595721371785},"median_abs_dev":{"confidence_interval":{"confidence_level":0.95,"lower_bound":48959.49458533967,"upper_bound":93204.45603619916},"point_estimate":69665.35103592055,"standard_error":11232.78234882494},"slope":null,"std_dev":{"confidence_interval":{"confidence_level":0.95,"lower_bound":103138.94916970804,"upper_bound":146793.13357192412},"point_estimate":127533.95334474515,"standard_error":11170.94810071187}}