{"mean":{"confidence_interval":{"confidence_level":0.95,"lower_bound":3717368.6007857146,"upper_bound":3742349.8887321437},"point_estimate":3729689.943571428,"standard_error":6381.1652260588935},"median":{"confidence_interval":{"confidence_level":0.95,"lower_bound":3703302.0714285714,"upper_bound":3726880.9285714286},"point_estimate":3714720.25,"standard_error":6039.761527303018},"median_abs_dev":{"confidence_interval":{"confidence_level":0.95,"lower_bound":29998.345417423105,"upper_bound":61327.16546122502},"point_estimate":41834.89410728216,"standard_error":8106.563577234361},"slope":null,"std_dev":{"confidence_interval":{"confidence_level":0.95,"lower_bound":53771.252587180934,"upper_bound":73913.03080256359},"point_estimate":64238.7349629907,"standard_error":5146.397490775202}}