{"mean":{"confidence_interval":{"confidence_level":0.95,"lower_bound":2220055.6760869557,"upper_bound":2238281.090499999},"point_estimate":2229235.9256521724,"standard_error":4650.665218810954},"median":{"confidence_interval":{"confidence_level":0.95,"lower_bound":2256172.1086956523,"upper_bound":2259682.065217391},"point_estimate":2259044.4130434785,"standard_error":4945.104885559063},"median_abs_dev":{"confidence_interval":{"confidence_level":0.95,"lower_bound":3441.9525301975505,"upper_bound":54599.395789688104},"point_estimate":7587.5921305106585,"standard_error":12443.538801172963},"slope":null,"std_dev":{"confidence_interval":{"confidence_level":0.95,"lower_bound":42441.28258931106,"upper_bound":50223.04851391361},"point_estimate":46614.798000558185,"standard_error":1962.7435416697838}}