{"mean":{"confidence_interval":{"confidence_level":0.95,"lower_bound":0.023831219620796703,"upper_bound":0.0511766641439762},"point_estimate":0.03645702126457784,"standard_error":0.007067358950147493},"median":{"confidence_interval":{"confidence_level":0.95,"lower_bound":0.015622514190442008,"upper_bound":0.02656526657025493},"point_estimate":0.01839343987732711,"standard_error":0.0029296623163560785}}