{"mean":{"confidence_interval":{"confidence_level":0.95,"lower_bound":1006929.9753690357,"upper_bound":1032216.5616092097},"point_estimate":1019237.8407601872,"standard_error":6443.884612615569},"median":{"confidence_interval":{"confidence_level":0.95,"lower_bound":977193.8631578947,"upper_bound":980468.3358134921},"point_estimate":978336.3218349929,"standard_error":1679.906050337025},"median_abs_dev":{"confidence_interval":{"confidence_level":0.95,"lower_bound":6985.061964303986,"upper_bound":19325.807540394027},"point_estimate":13873.262181260758,"standard_error":3465.7160137617298},"slope":{"confidence_interval":{"confidence_level":0.95,"lower_bound":1010282.5489723794,"upper_bound":1051136.333985546},"point_estimate":1030707.7385311069,"standard_error":10404.655812244737},"std_dev":{"confidence_interval":{"confidence_level":0.95,"lower_bound":56378.01288088223,"upper_bound":71408.02718377669},"point_estimate":64625.828027494426,"standard_error":3823.8874053398768}}