{"mean":{"confidence_interval":{"confidence_level":0.95,"lower_bound":0.11697383642824599,"upper_bound":0.14452928764372672},"point_estimate":0.12971702495500592,"standard_error":0.007077020940926675},"median":{"confidence_interval":{"confidence_level":0.95,"lower_bound":0.11620695064998077,"upper_bound":0.14154172171950363},"point_estimate":0.12104140961067311,"standard_error":0.00561834739131349}}