{"mean":{"confidence_interval":{"confidence_level":0.95,"lower_bound":925175924.5775,"upper_bound":952573091.7},"point_estimate":938870612.6,"standard_error":7035687.807261068},"median":{"confidence_interval":{"confidence_level":0.95,"lower_bound":918953542.0,"upper_bound":964576000.0},"point_estimate":939473416.5,"standard_error":10198350.638080223},"median_abs_dev":{"confidence_interval":{"confidence_level":0.95,"lower_bound":3831965.6982690096,"upper_bound":42295426.72410607},"point_estimate":32491641.73565805,"standard_error":10551459.30235129},"slope":null,"std_dev":{"confidence_interval":{"confidence_level":0.95,"lower_bound":14076912.16543929,"upper_bound":28272772.333842926},"point_estimate":23399287.813019745,"standard_error":3624471.6111096065}}