{"mean":{"confidence_interval":{"confidence_level":0.95,"lower_bound":0.028496737956016836,"upper_bound":0.0594409790590566},"point_estimate":0.04298399347836912,"standard_error":0.007997871543230471},"median":{"confidence_interval":{"confidence_level":0.95,"lower_bound":-0.008459103559205317,"upper_bound":0.01851426899059283},"point_estimate":0.004940961579323888,"standard_error":0.007261548910755839}}