{"mean":{"confidence_interval":{"confidence_level":0.95,"lower_bound":0.08586141935233167,"upper_bound":0.10679957613742175},"point_estimate":0.09717739406676129,"standard_error":0.00552979766940934},"median":{"confidence_interval":{"confidence_level":0.95,"lower_bound":0.07400953266539068,"upper_bound":0.11053121562920998},"point_estimate":0.10494167157870216,"standard_error":0.008777200196913689}}