{"mean":{"confidence_interval":{"confidence_level":0.95,"lower_bound":-0.017418486138441373,"upper_bound":-0.0026587731771304723},"point_estimate":-0.010085095137906008,"standard_error":0.00378546173721414},"median":{"confidence_interval":{"confidence_level":0.95,"lower_bound":-0.02058675916461547,"upper_bound":0.005782456113048884},"point_estimate":-0.00743969078930129,"standard_error":0.006506834551939317}}