{"mean":{"confidence_interval":{"confidence_level":0.95,"lower_bound":2061399691.6,"upper_bound":2121241275.2},"point_estimate":2088844050.0,"standard_error":15409689.936656198},"median":{"confidence_interval":{"confidence_level":0.95,"lower_bound":2051037375.0,"upper_bound":2127806917.0},"point_estimate":2067729354.0,"standard_error":19041267.138081655},"median_abs_dev":{"confidence_interval":{"confidence_level":0.95,"lower_bound":6167245.24050951,"upper_bound":82828505.39200008},"point_estimate":27831150.246298313,"standard_error":19306717.783947278},"slope":null,"std_dev":{"confidence_interval":{"confidence_level":0.95,"lower_bound":14814509.495914327,"upper_bound":67071369.86005294},"point_estimate":51337393.607875906,"standard_error":12465882.235113963}}