{"mean":{"confidence_interval":{"confidence_level":0.95,"lower_bound":1877071110.075,"upper_bound":1935059295.8},"point_estimate":1901917070.9,"standard_error":15156689.027506826},"median":{"confidence_interval":{"confidence_level":0.95,"lower_bound":1870099667.0,"upper_bound":1921139604.5},"point_estimate":1887367854.0,"standard_error":10552003.13773228},"median_abs_dev":{"confidence_interval":{"confidence_level":0.95,"lower_bound":3419926.702684164,"upper_bound":56987313.432472944},"point_estimate":18343128.65894437,"standard_error":14539151.446752688},"slope":null,"std_dev":{"confidence_interval":{"confidence_level":0.95,"lower_bound":11911645.608917419,"upper_bound":71995365.76744594},"point_estimate":50610366.64536232,"standard_error":17019093.646462485}}