{"mean":{"confidence_interval":{"confidence_level":0.95,"lower_bound":801984074.53,"upper_bound":832050075.2},"point_estimate":813993729.2,"standard_error":8147785.260510302},"median":{"confidence_interval":{"confidence_level":0.95,"lower_bound":799752604.0,"upper_bound":817812021.0},"point_estimate":805603458.0,"standard_error":4140900.064664885},"median_abs_dev":{"confidence_interval":{"confidence_level":0.95,"lower_bound":2257721.772417426,"upper_bound":21904890.512010455},"point_estimate":7385819.363075495,"standard_error":5438703.695033631},"slope":null,"std_dev":{"confidence_interval":{"confidence_level":0.95,"lower_bound":4764563.035572638,"upper_bound":40856105.63509779},"point_estimate":27199898.609348796,"standard_error":11451241.624158183}}