{"mean":{"confidence_interval":{"confidence_level":0.95,"lower_bound":574.9452954447066,"upper_bound":586.6390477190871},"point_estimate":580.7925245826359,"standard_error":2.9762447536189938},"median":{"confidence_interval":{"confidence_level":0.95,"lower_bound":572.1805705132113,"upper_bound":579.3948056698143},"point_estimate":576.2922222689901,"standard_error":1.8920225452056172},"median_abs_dev":{"confidence_interval":{"confidence_level":0.95,"lower_bound":11.664839717300659,"upper_bound":37.701430807029084},"point_estimate":18.021366976282426,"standard_error":6.173652652898944},"slope":{"confidence_interval":{"confidence_level":0.95,"lower_bound":569.2388465554178,"upper_bound":587.6845894866001},"point_estimate":578.212750368591,"standard_error":4.7191786364740125},"std_dev":{"confidence_interval":{"confidence_level":0.95,"lower_bound":26.06282143414143,"upper_bound":33.016757110319396},"point_estimate":29.81686246140294,"standard_error":1.7704384966595634}}