{"mean":{"confidence_interval":{"confidence_level":0.95,"lower_bound":-0.014079051822732131,"upper_bound":0.005190478701423269},"point_estimate":-0.00470992600448128,"standard_error":0.004917776094122493},"median":{"confidence_interval":{"confidence_level":0.95,"lower_bound":-0.007413544164778352,"upper_bound":0.0027550056626952646},"point_estimate":-0.0010072484003043058,"standard_error":0.002399173875274202}}