{"mean":{"confidence_interval":{"confidence_level":0.95,"lower_bound":0.05005372505900627,"upper_bound":0.06433472189243361},"point_estimate":0.05715913425110841,"standard_error":0.0036010425085163224},"median":{"confidence_interval":{"confidence_level":0.95,"lower_bound":0.06208195314930243,"upper_bound":0.0814094897712454},"point_estimate":0.07131285804590637,"standard_error":0.004933867809188421}}