{"mean":{"confidence_interval":{"confidence_level":0.95,"lower_bound":451636550.0,"upper_bound":458155825.1},"point_estimate":454817145.85,"standard_error":1677834.427762653},"median":{"confidence_interval":{"confidence_level":0.95,"lower_bound":449907343.75,"upper_bound":458649833.5},"point_estimate":455413958.25,"standard_error":2064834.2311968962},"median_abs_dev":{"confidence_interval":{"confidence_level":0.95,"lower_bound":812356.9264277816,"upper_bound":9748773.857724667},"point_estimate":5991850.327773392,"standard_error":2380497.350593963},"slope":null,"std_dev":{"confidence_interval":{"confidence_level":0.95,"lower_bound":3044561.7490271344,"upper_bound":7216738.835227971},"point_estimate":5597858.551796303,"standard_error":1097335.309077817}}