{"mean":{"confidence_interval":{"confidence_level":0.95,"lower_bound":0.05103307369501635,"upper_bound":0.1064574790834193},"point_estimate":0.07604425897519174,"standard_error":0.014242930296558006},"median":{"confidence_interval":{"confidence_level":0.95,"lower_bound":0.03644585714756432,"upper_bound":0.11798542103800469},"point_estimate":0.05175232765498783,"standard_error":0.019594863727096897}}