{"mean":{"confidence_interval":{"confidence_level":0.95,"lower_bound":639793311.0725,"upper_bound":649901975.1},"point_estimate":644754691.8,"standard_error":2592691.8154359334},"median":{"confidence_interval":{"confidence_level":0.95,"lower_bound":638729875.0,"upper_bound":650868937.5},"point_estimate":644595187.5,"standard_error":2907373.064269841},"median_abs_dev":{"confidence_interval":{"confidence_level":0.95,"lower_bound":2109461.775049567,"upper_bound":14475765.886303782},"point_estimate":7583252.012470365,"standard_error":3273157.763587126},"slope":null,"std_dev":{"confidence_interval":{"confidence_level":0.95,"lower_bound":4524400.695667925,"upper_bound":11331087.978602337},"point_estimate":8686835.860951146,"standard_error":1755685.8116483535}}