{"mean":{"confidence_interval":{"confidence_level":0.95,"lower_bound":-0.055489955043049426,"upper_bound":-0.022344951585404685},"point_estimate":-0.03895104455892462,"standard_error":0.008638647058931869},"median":{"confidence_interval":{"confidence_level":0.95,"lower_bound":-0.056683994490033585,"upper_bound":-0.016820676677233415},"point_estimate":-0.03442251351448278,"standard_error":0.010193326204700214}}