{"mean":{"confidence_interval":{"confidence_level":0.95,"lower_bound":5499203.6378500005,"upper_bound":5631538.963474999},"point_estimate":5558568.585000001,"standard_error":34009.52789130947},"median":{"confidence_interval":{"confidence_level":0.95,"lower_bound":5497766.6,"upper_bound":5547787.5},"point_estimate":5509610.4,"standard_error":13793.404682986611},"median_abs_dev":{"confidence_interval":{"confidence_level":0.95,"lower_bound":92010.20996399283,"upper_bound":183672.5649091604},"point_estimate":141545.07969707195,"standard_error":24615.63043830481},"slope":null,"std_dev":{"confidence_interval":{"confidence_level":0.95,"lower_bound":166994.20297263816,"upper_bound":496310.7651659533},"point_estimate":341076.0000440953,"standard_error":87763.97108357865}}