{"mean":{"confidence_interval":{"confidence_level":0.95,"lower_bound":0.015882403775023902,"upper_bound":0.035687485191182415},"point_estimate":0.02550973662162126,"standard_error":0.005057140222453491},"median":{"confidence_interval":{"confidence_level":0.95,"lower_bound":0.019004348458858653,"upper_bound":0.02879596084127445},"point_estimate":0.02283663545601078,"standard_error":0.0025696735139944227}}