{"mean":{"confidence_interval":{"confidence_level":0.95,"lower_bound":0.11651361916470174,"upper_bound":0.15845488892388104},"point_estimate":0.13864084964813084,"standard_error":0.01076645383512936},"median":{"confidence_interval":{"confidence_level":0.95,"lower_bound":0.12860455546131377,"upper_bound":0.16192872416470783},"point_estimate":0.14046256125136436,"standard_error":0.008197139263964795}}