{"mean":{"confidence_interval":{"confidence_level":0.95,"lower_bound":-0.0615309010174443,"upper_bound":-0.039609189484602264},"point_estimate":-0.050716200719544524,"standard_error":0.005604916262413737},"median":{"confidence_interval":{"confidence_level":0.95,"lower_bound":-0.09334529140398991,"upper_bound":-0.03672737583494934},"point_estimate":-0.07980071551067003,"standard_error":0.012108534941496031}}