{"mean":{"confidence_interval":{"confidence_level":0.95,"lower_bound":0.06420468702445162,"upper_bound":0.10027036643020613},"point_estimate":0.08191743634038895,"standard_error":0.008890270040548402},"median":{"confidence_interval":{"confidence_level":0.95,"lower_bound":0.06374406770580654,"upper_bound":0.09526079243038543},"point_estimate":0.0782805923140264,"standard_error":0.007243808641454684}}