{"mean":{"confidence_interval":{"confidence_level":0.95,"lower_bound":4766035.305227272,"upper_bound":4921693.647136364},"point_estimate":4841794.999090908,"standard_error":39712.421958629086},"median":{"confidence_interval":{"confidence_level":0.95,"lower_bound":4584647.7272727275,"upper_bound":4599350.363636363},"point_estimate":4591628.772727273,"standard_error":14935.654313908979},"median_abs_dev":{"confidence_interval":{"confidence_level":0.95,"lower_bound":16011.001461202071,"upper_bound":134821.1720791735},"point_estimate":38044.93053365844,"standard_error":33874.59609410254},"slope":null,"std_dev":{"confidence_interval":{"confidence_level":0.95,"lower_bound":340134.78269939084,"upper_bound":442025.6678040998},"point_estimate":398026.756642099,"standard_error":26077.606354243377}}