{"mean":{"confidence_interval":{"confidence_level":0.95,"lower_bound":859717143.075,"upper_bound":884129770.9},"point_estimate":868981012.6,"standard_error":6853354.209881143},"median":{"confidence_interval":{"confidence_level":0.95,"lower_bound":858084979.5,"upper_bound":867899417.0},"point_estimate":862687541.5,"standard_error":3307579.8496936667},"median_abs_dev":{"confidence_interval":{"confidence_level":0.95,"lower_bound":1454616.6404753923,"upper_bound":12638052.084329724},"point_estimate":6864747.000226378,"standard_error":3125244.10557949},"slope":null,"std_dev":{"confidence_interval":{"confidence_level":0.95,"lower_bound":3611210.190496754,"upper_bound":35016787.132178485},"point_estimate":22807117.7951152,"standard_error":10855188.308315083}}