{"mean":{"confidence_interval":{"confidence_level":0.95,"lower_bound":0.02006384467506744,"upper_bound":0.05086009935249333},"point_estimate":0.033884356961361384,"standard_error":0.007910424178884368},"median":{"confidence_interval":{"confidence_level":0.95,"lower_bound":0.01442520837373018,"upper_bound":0.048770731473542606},"point_estimate":0.025680245438737925,"standard_error":0.007994991276699911}}