{"mean":{"confidence_interval":{"confidence_level":0.95,"lower_bound":0.014187920370605171,"upper_bound":0.036279111169184246},"point_estimate":0.025154831881618822,"standard_error":0.0056186529242343314},"median":{"confidence_interval":{"confidence_level":0.95,"lower_bound":0.011239234947005421,"upper_bound":0.020124329539382566},"point_estimate":0.014266277294031404,"standard_error":0.0023699163196264925}}