{"mean":{"confidence_interval":{"confidence_level":0.95,"lower_bound":1863696316.8,"upper_bound":1914062062.5},"point_estimate":1885147408.5,"standard_error":13163657.653022807},"median":{"confidence_interval":{"confidence_level":0.95,"lower_bound":1855878479.5,"upper_bound":1899478584.0},"point_estimate":1876596812.5,"standard_error":11797689.058823891},"median_abs_dev":{"confidence_interval":{"confidence_level":0.95,"lower_bound":6654031.737667322,"upper_bound":51505338.501897454},"point_estimate":30760953.8605839,"standard_error":10590311.1971512},"slope":null,"std_dev":{"confidence_interval":{"confidence_level":0.95,"lower_bound":14665636.403760461,"upper_bound":64136786.386916995},"point_estimate":43750803.69437328,"standard_error":15542465.193149682}}