{"mean":{"confidence_interval":{"confidence_level":0.95,"lower_bound":0.027315248019263872,"upper_bound":0.059811213799883016},"point_estimate":0.04252387155996207,"standard_error":0.008340954588532751},"median":{"confidence_interval":{"confidence_level":0.95,"lower_bound":0.022447847413437305,"upper_bound":0.057913019810831745},"point_estimate":0.028364916358994074,"standard_error":0.009160995187109193}}