{"mean":{"confidence_interval":{"confidence_level":0.95,"lower_bound":0.037521353562779435,"upper_bound":0.068828606241749},"point_estimate":0.05160392971045846,"standard_error":0.0080175223331569},"median":{"confidence_interval":{"confidence_level":0.95,"lower_bound":0.042349692729951594,"upper_bound":0.058162175688947215},"point_estimate":0.05201917856895566,"standard_error":0.004170012708853531}}