{"mean":{"confidence_interval":{"confidence_level":0.95,"lower_bound":161693469.9271786,"upper_bound":162907744.9931627},"point_estimate":162359241.9698413,"standard_error":313461.6051200896},"median":{"confidence_interval":{"confidence_level":0.95,"lower_bound":161596427.0,"upper_bound":163052914.07777777},"point_estimate":162831053.07142857,"standard_error":361185.0484110087},"median_abs_dev":{"confidence_interval":{"confidence_level":0.95,"lower_bound":70441.48056944655,"upper_bound":1717319.2711114883},"point_estimate":381450.77541122586,"standard_error":398235.1539687533},"slope":{"confidence_interval":{"confidence_level":0.95,"lower_bound":162486227.34909937,"upper_bound":163124533.60394266},"point_estimate":162927759.65714285,"standard_error":166729.12640324477},"std_dev":{"confidence_interval":{"confidence_level":0.95,"lower_bound":245862.6368014652,"upper_bound":1412613.4442438327},"point_estimate":1049630.8487708569,"standard_error":281628.29491396993}}