{"mean":{"confidence_interval":{"confidence_level":0.95,"lower_bound":2094243.8074479166,"upper_bound":2155055.0601041657},"point_estimate":2121990.4345833324,"standard_error":15597.242351710922},"median":{"confidence_interval":{"confidence_level":0.95,"lower_bound":2088593.75,"upper_bound":2115787.333333333},"point_estimate":2102319.458333333,"standard_error":7424.577934796568},"median_abs_dev":{"confidence_interval":{"confidence_level":0.95,"lower_bound":46314.44637775398,"upper_bound":82741.38025010943},"point_estimate":61831.58480227017,"standard_error":9331.732013211717},"slope":null,"std_dev":{"confidence_interval":{"confidence_level":0.95,"lower_bound":92233.61397855419,"upper_bound":225753.1909879967},"point_estimate":156778.0512339265,"standard_error":38349.28102037849}}