{"mean":{"confidence_interval":{"confidence_level":0.95,"lower_bound":0.020061450068306633,"upper_bound":0.06730721578526284},"point_estimate":0.044111160170490216,"standard_error":0.01203889918417491},"median":{"confidence_interval":{"confidence_level":0.95,"lower_bound":0.01706951855071015,"upper_bound":0.08096290692901364},"point_estimate":0.029494552917768146,"standard_error":0.0184624751965987}}