{"mean":{"confidence_interval":{"confidence_level":0.95,"lower_bound":1014689.6347714443,"upper_bound":1028435.900155025},"point_estimate":1021655.0989621844,"standard_error":3512.023395314517},"median":{"confidence_interval":{"confidence_level":0.95,"lower_bound":1024596.1911764706,"upper_bound":1039629.9491525424},"point_estimate":1032415.4998050682,"standard_error":3609.762309291848},"median_abs_dev":{"confidence_interval":{"confidence_level":0.95,"lower_bound":20675.80410342408,"upper_bound":39691.92296098407},"point_estimate":27647.64399324016,"standard_error":4801.915775319993},"slope":{"confidence_interval":{"confidence_level":0.95,"lower_bound":1016165.2045542962,"upper_bound":1031729.4107832044},"point_estimate":1024309.5008718782,"standard_error":3973.3397893206234},"std_dev":{"confidence_interval":{"confidence_level":0.95,"lower_bound":31108.125038514634,"upper_bound":38803.071045198536},"point_estimate":35359.297714640365,"standard_error":1958.337004934354}}