{"mean":{"confidence_interval":{"confidence_level":0.95,"lower_bound":-0.00011910632399020135,"upper_bound":0.01339245338804659},"point_estimate":0.006509791177400803,"standard_error":0.0034490073671519495},"median":{"confidence_interval":{"confidence_level":0.95,"lower_bound":-0.0036169511729091663,"upper_bound":0.01935032245938295},"point_estimate":0.0068196101305249,"standard_error":0.0058982438459544645}}