{"mean":{"confidence_interval":{"confidence_level":0.95,"lower_bound":-0.019421329848504424,"upper_bound":-0.004528537232922871},"point_estimate":-0.012408932543999995,"standard_error":0.0038341256868168363},"median":{"confidence_interval":{"confidence_level":0.95,"lower_bound":-0.023825739190377004,"upper_bound":0.003530700129235509},"point_estimate":-0.0046810947254197766,"standard_error":0.0072240225282650065}}