{"mean":{"confidence_interval":{"confidence_level":0.95,"lower_bound":5052584.488199999,"upper_bound":5086550.667975001},"point_estimate":5068811.749,"standard_error":8664.561532779911},"median":{"confidence_interval":{"confidence_level":0.95,"lower_bound":5059625.0,"upper_bound":5076179.2},"point_estimate":5069056.25,"standard_error":4232.13504863675},"median_abs_dev":{"confidence_interval":{"confidence_level":0.95,"lower_bound":27029.650770127773,"upper_bound":69240.60636073406},"point_estimate":40255.77687531765,"standard_error":10673.248892868605},"slope":null,"std_dev":{"confidence_interval":{"confidence_level":0.95,"lower_bound":64028.067853184555,"upper_bound":108309.99566693265},"point_estimate":87287.55198326046,"standard_error":11373.010987958145}}