{"mean":{"confidence_interval":{"confidence_level":0.95,"lower_bound":614.69397332277,"upper_bound":619.3605416457409},"point_estimate":617.1549235948976,"standard_error":1.1985313073920205},"median":{"confidence_interval":{"confidence_level":0.95,"lower_bound":619.7802671322082,"upper_bound":622.1817804733926},"point_estimate":620.9205456122204,"standard_error":0.5925750249326002},"median_abs_dev":{"confidence_interval":{"confidence_level":0.95,"lower_bound":4.11592476280182,"upper_bound":7.416947698313984},"point_estimate":5.977832518401571,"standard_error":0.8879553161121219},"slope":{"confidence_interval":{"confidence_level":0.95,"lower_bound":610.9796778771741,"upper_bound":618.389805630798},"point_estimate":614.9032425457665,"standard_error":1.9005215241542603},"std_dev":{"confidence_interval":{"confidence_level":0.95,"lower_bound":8.643845394322739,"upper_bound":14.799807926398874},"point_estimate":12.047144312056759,"standard_error":1.5706023731418735}}