{"mean":{"confidence_interval":{"confidence_level":0.95,"lower_bound":-0.03592925800826344,"upper_bound":-0.009433906242429105},"point_estimate":-0.021571657334283234,"standard_error":0.0068002711662675},"median":{"confidence_interval":{"confidence_level":0.95,"lower_bound":-0.047798755818667556,"upper_bound":-0.025579343710853908},"point_estimate":-0.04008262045384059,"standard_error":0.005886374991088888}}