{"mean":{"confidence_interval":{"confidence_level":0.95,"lower_bound":0.013041395779754062,"upper_bound":0.039024337221162345},"point_estimate":0.02596842168115554,"standard_error":0.006640657123851713},"median":{"confidence_interval":{"confidence_level":0.95,"lower_bound":0.01003970895819739,"upper_bound":0.025073704010921016},"point_estimate":0.017075738060899237,"standard_error":0.004496404661325385}}