{"mean":{"confidence_interval":{"confidence_level":0.95,"lower_bound":-0.0017027459487326056,"upper_bound":0.03822321912455452},"point_estimate":0.015694676522616247,"standard_error":0.010316652366028637},"median":{"confidence_interval":{"confidence_level":0.95,"lower_bound":-0.009993106486883858,"upper_bound":0.020600409289312317},"point_estimate":0.0014493994960249612,"standard_error":0.008017566502171926}}