{"mean":{"confidence_interval":{"confidence_level":0.95,"lower_bound":156.14024770436885,"upper_bound":157.97774706701387},"point_estimate":157.05697105266697,"standard_error":0.4681658594230807},"median":{"confidence_interval":{"confidence_level":0.95,"lower_bound":156.73514438888137,"upper_bound":158.6341411055765},"point_estimate":158.09144535297563,"standard_error":0.4385093393633873},"median_abs_dev":{"confidence_interval":{"confidence_level":0.95,"lower_bound":2.254678301340759,"upper_bound":4.341752240477571},"point_estimate":3.1083914131474377,"standard_error":0.5196173654910377},"slope":{"confidence_interval":{"confidence_level":0.95,"lower_bound":155.52474229217745,"upper_bound":157.65667972932246},"point_estimate":156.6231626662998,"standard_error":0.5453065243090157},"std_dev":{"confidence_interval":{"confidence_level":0.95,"lower_bound":3.8613429705519873,"upper_bound":5.487600356692104},"point_estimate":4.7038435941145735,"standard_error":0.4158841111416577}}