{"mean":{"confidence_interval":{"confidence_level":0.95,"lower_bound":0.06009841127231729,"upper_bound":0.07686832733631443},"point_estimate":0.06859320497129051,"standard_error":0.004406928344699914},"median":{"confidence_interval":{"confidence_level":0.95,"lower_bound":0.07377284095765013,"upper_bound":0.09067622810174059},"point_estimate":0.08455392627896807,"standard_error":0.003924070798612059}}