{"mean":{"confidence_interval":{"confidence_level":0.95,"lower_bound":-0.018402997300217216,"upper_bound":0.02412517521867186},"point_estimate":0.0024930620997001274,"standard_error":0.010871306291962743},"median":{"confidence_interval":{"confidence_level":0.95,"lower_bound":-0.014048592255780146,"upper_bound":0.024240504391790596},"point_estimate":0.015218748661955717,"standard_error":0.009454593696982238}}