{"mean":{"confidence_interval":{"confidence_level":0.95,"lower_bound":691756930.62,"upper_bound":736904980.3575},"point_estimate":710723408.3,"standard_error":11898154.85841884},"median":{"confidence_interval":{"confidence_level":0.95,"lower_bound":688187354.0,"upper_bound":722434021.0},"point_estimate":697222958.0,"standard_error":9068346.273883404},"median_abs_dev":{"confidence_interval":{"confidence_level":0.95,"lower_bound":778858.6919724941,"upper_bound":41655316.96534464},"point_estimate":16318452.328589559,"standard_error":10379125.148405839},"slope":null,"std_dev":{"confidence_interval":{"confidence_level":0.95,"lower_bound":10183157.67880097,"upper_bound":58295316.82554613},"point_estimate":39707652.823097795,"standard_error":14669201.741228964}}