{"mean":{"confidence_interval":{"confidence_level":0.95,"lower_bound":867459448.0775,"upper_bound":882560652.675},"point_estimate":874713479.1,"standard_error":3841274.288561824},"median":{"confidence_interval":{"confidence_level":0.95,"lower_bound":867996958.0,"upper_bound":880108083.0},"point_estimate":873475188.0,"standard_error":3498887.5395483305},"median_abs_dev":{"confidence_interval":{"confidence_level":0.95,"lower_bound":1735135.674995184,"upper_bound":19927410.527917743},"point_estimate":8628053.55732143,"standard_error":4276647.485275075},"slope":null,"std_dev":{"confidence_interval":{"confidence_level":0.95,"lower_bound":4570533.13723076,"upper_bound":17954035.386846956},"point_estimate":12844177.707069408,"standard_error":3582958.1408342677}}