{"mean":{"confidence_interval":{"confidence_level":0.95,"lower_bound":-0.03054274857579541,"upper_bound":-0.014985508550832093},"point_estimate":-0.022751732000962033,"standard_error":0.0039688210341669574},"median":{"confidence_interval":{"confidence_level":0.95,"lower_bound":-0.03876638363086271,"upper_bound":-0.022735189479960227},"point_estimate":-0.03245959275071797,"standard_error":0.004302968064968792}}