{"mean":{"confidence_interval":{"confidence_level":0.95,"lower_bound":-0.011986256889173479,"upper_bound":0.006957709296988212},"point_estimate":-0.002430514619120583,"standard_error":0.004833350959350753},"median":{"confidence_interval":{"confidence_level":0.95,"lower_bound":-0.0008427105277679647,"upper_bound":0.010410689918160188},"point_estimate":0.0033866067101204766,"standard_error":0.0027329686588545184}}