{"mean":{"confidence_interval":{"confidence_level":0.95,"lower_bound":25567908.40404762,"upper_bound":25700226.838492066},"point_estimate":25637201.50765873,"standard_error":33885.6280002702},"median":{"confidence_interval":{"confidence_level":0.95,"lower_bound":25568684.0,"upper_bound":25700497.63690476},"point_estimate":25663470.601388887,"standard_error":31506.37732011294},"median_abs_dev":{"confidence_interval":{"confidence_level":0.95,"lower_bound":5162.254552522256,"upper_bound":191306.0109203048},"point_estimate":72807.33947741102,"standard_error":48188.673802959565},"slope":{"confidence_interval":{"confidence_level":0.95,"lower_bound":25649597.778864976,"upper_bound":25744292.6675},"point_estimate":25691847.020779222,"standard_error":24938.675694161047},"std_dev":{"confidence_interval":{"confidence_level":0.95,"lower_bound":50123.49244883102,"upper_bound":153128.9438877294},"point_estimate":113240.92075140539,"standard_error":27188.427809276327}}