{"mean":{"confidence_interval":{"confidence_level":0.95,"lower_bound":-0.01751714925368882,"upper_bound":0.0007637351262526458},"point_estimate":-0.008317346812532822,"standard_error":0.004665973863432726},"median":{"confidence_interval":{"confidence_level":0.95,"lower_bound":-0.010326474322276513,"upper_bound":0.012716635292498113},"point_estimate":0.0009424173552379234,"standard_error":0.0058645969513044125}}