{"mean":{"confidence_interval":{"confidence_level":0.95,"lower_bound":445696216.44625,"upper_bound":455017578.2225},"point_estimate":450565452.0,"standard_error":2400119.08936374},"median":{"confidence_interval":{"confidence_level":0.95,"lower_bound":443726364.5,"upper_bound":456748822.75},"point_estimate":453494718.75,"standard_error":3983740.978962764},"median_abs_dev":{"confidence_interval":{"confidence_level":0.95,"lower_bound":224412.63306587934,"upper_bound":13244992.189854383},"point_estimate":6310748.686511815,"standard_error":3761776.4719775594},"slope":null,"std_dev":{"confidence_interval":{"confidence_level":0.95,"lower_bound":4147094.498298669,"upper_bound":9582604.54242172},"point_estimate":7996083.6185944555,"standard_error":1355806.7438000236}}