{"mean":{"confidence_interval":{"confidence_level":0.95,"lower_bound":0.015718596705776366,"upper_bound":0.04056035958310429},"point_estimate":0.02807741867405178,"standard_error":0.00635731607496349},"median":{"confidence_interval":{"confidence_level":0.95,"lower_bound":0.01863889391438061,"upper_bound":0.0554122986754082},"point_estimate":0.04593492987018899,"standard_error":0.01050140966679127}}