{"mean":{"confidence_interval":{"confidence_level":0.95,"lower_bound":-0.010234470175894088,"upper_bound":0.03413311295051884},"point_estimate":0.011107216113657836,"standard_error":0.011359775666788322},"median":{"confidence_interval":{"confidence_level":0.95,"lower_bound":-0.025248437763248477,"upper_bound":0.038947656514701334},"point_estimate":0.02874239771539089,"standard_error":0.019347046467163165}}