{"mean":{"confidence_interval":{"confidence_level":0.95,"lower_bound":0.07057517389794052,"upper_bound":0.08413404785265807},"point_estimate":0.07726410144853646,"standard_error":0.003480168543200163},"median":{"confidence_interval":{"confidence_level":0.95,"lower_bound":0.08864210760930469,"upper_bound":0.09952717671856659},"point_estimate":0.09531454046402565,"standard_error":0.002948297482411037}}