{"mean":{"confidence_interval":{"confidence_level":0.95,"lower_bound":1191514387.7,"upper_bound":1209003487.6},"point_estimate":1200414700.1,"standard_error":4490074.431522632},"median":{"confidence_interval":{"confidence_level":0.95,"lower_bound":1186262104.5,"upper_bound":1212947125.0},"point_estimate":1204461521.0,"standard_error":8360862.947658258},"median_abs_dev":{"confidence_interval":{"confidence_level":0.95,"lower_bound":1838919.1557526588,"upper_bound":23825876.024106145},"point_estimate":17068215.737378597,"standard_error":6080946.403743064},"slope":null,"std_dev":{"confidence_interval":{"confidence_level":0.95,"lower_bound":9472444.06647801,"upper_bound":17637759.547191847},"point_estimate":15014659.913591882,"standard_error":2093314.42860432}}