{"mean":{"confidence_interval":{"confidence_level":0.95,"lower_bound":0.02296928834005944,"upper_bound":0.065359649726328},"point_estimate":0.044070934652165716,"standard_error":0.010871593011946937},"median":{"confidence_interval":{"confidence_level":0.95,"lower_bound":0.021146074440765217,"upper_bound":0.06316339561337436},"point_estimate":0.04739932342635389,"standard_error":0.011327107800224506}}