{"mean":{"confidence_interval":{"confidence_level":0.95,"lower_bound":797206.0621694863,"upper_bound":812203.5758862376},"point_estimate":804428.2004164776,"standard_error":3821.4240545642597},"median":{"confidence_interval":{"confidence_level":0.95,"lower_bound":793737.9342105263,"upper_bound":799376.0569620254},"point_estimate":797228.8226495727,"standard_error":1344.084916647596},"median_abs_dev":{"confidence_interval":{"confidence_level":0.95,"lower_bound":8373.392514194218,"upper_bound":24196.53535251371},"point_estimate":14990.237953774496,"standard_error":3847.420869334533},"slope":{"confidence_interval":{"confidence_level":0.95,"lower_bound":781885.993334106,"upper_bound":796830.9633396725},"point_estimate":789062.9476710507,"standard_error":3804.6186371050903},"std_dev":{"confidence_interval":{"confidence_level":0.95,"lower_bound":29430.76502161202,"upper_bound":46383.72106239583},"point_estimate":38254.79025123967,"standard_error":4321.963975554111}}