{"mean":{"confidence_interval":{"confidence_level":0.95,"lower_bound":368589906.175,"upper_bound":405442248.67},"point_estimate":384406662.5,"standard_error":9694407.05085863},"median":{"confidence_interval":{"confidence_level":0.95,"lower_bound":365664021.0,"upper_bound":399366708.5},"point_estimate":373068770.5,"standard_error":6715160.1646775445},"median_abs_dev":{"confidence_interval":{"confidence_level":0.95,"lower_bound":1306788.8209998608,"upper_bound":38989322.18660116},"point_estimate":6090057.3793798685,"standard_error":8267163.881484596},"slope":null,"std_dev":{"confidence_interval":{"confidence_level":0.95,"lower_bound":4792637.235828984,"upper_bound":44572829.97175933},"point_estimate":32334054.905754212,"standard_error":10938394.943463547}}