{"mean":{"confidence_interval":{"confidence_level":0.95,"lower_bound":773213527.13,"upper_bound":791282291.1750001},"point_estimate":782332795.7,"standard_error":4627475.756175938},"median":{"confidence_interval":{"confidence_level":0.95,"lower_bound":771571708.0,"upper_bound":790304833.0},"point_estimate":785739437.0,"standard_error":4956921.496236672},"median_abs_dev":{"confidence_interval":{"confidence_level":0.95,"lower_bound":1233986.4905923605,"upper_bound":25912634.004458785},"point_estimate":13318906.470242143,"standard_error":6277808.502002379},"slope":null,"std_dev":{"confidence_interval":{"confidence_level":0.95,"lower_bound":7043723.919135326,"upper_bound":20651626.8026689},"point_estimate":15367002.399933366,"standard_error":3491249.7140073716}}