{"mean":{"confidence_interval":{"confidence_level":0.95,"lower_bound":-0.0037026942519809325,"upper_bound":0.03537529225867604},"point_estimate":0.013912605291805491,"standard_error":0.010029670933240508},"median":{"confidence_interval":{"confidence_level":0.95,"lower_bound":-0.008591871021738418,"upper_bound":0.03304129867888661},"point_estimate":-0.004423647562348809,"standard_error":0.010389385822084873}}