{"mean":{"confidence_interval":{"confidence_level":0.95,"lower_bound":-0.003919157190745693,"upper_bound":0.013947764050510217},"point_estimate":0.0048301239997055045,"standard_error":0.00457320637369009},"median":{"confidence_interval":{"confidence_level":0.95,"lower_bound":0.0050044382797154174,"upper_bound":0.03144328666557694},"point_estimate":0.0159167335740531,"standard_error":0.007025023208575486}}