{"mean":{"confidence_interval":{"confidence_level":0.95,"lower_bound":0.0007364377660095406,"upper_bound":0.022699220252860967},"point_estimate":0.011599272242514003,"standard_error":0.005571037118421782},"median":{"confidence_interval":{"confidence_level":0.95,"lower_bound":0.01035432028786265,"upper_bound":0.02074611099869883},"point_estimate":0.01704259752795223,"standard_error":0.0026941430281949078}}