{"mean":{"confidence_interval":{"confidence_level":0.95,"lower_bound":-0.09365741376657527,"upper_bound":-0.07102639949839579},"point_estimate":-0.08250294849931472,"standard_error":0.005790134221144345},"median":{"confidence_interval":{"confidence_level":0.95,"lower_bound":-0.11168820641916921,"upper_bound":-0.06474157255716961},"point_estimate":-0.09559582073295625,"standard_error":0.012803989009843595}}