{"mean":{"confidence_interval":{"confidence_level":0.95,"lower_bound":1565774102.2,"upper_bound":1627677841.085},"point_estimate":1595160883.3,"standard_error":15862069.466557998},"median":{"confidence_interval":{"confidence_level":0.95,"lower_bound":1558395000.0,"upper_bound":1631326875.0},"point_estimate":1577298937.5,"standard_error":17541823.165240563},"median_abs_dev":{"confidence_interval":{"confidence_level":0.95,"lower_bound":1432809.8187625408,"upper_bound":88585689.42528963},"point_estimate":37580666.88660979,"standard_error":25666500.650759198},"slope":null,"std_dev":{"confidence_interval":{"confidence_level":0.95,"lower_bound":23748028.948569912,"upper_bound":67183639.44982591},"point_estimate":52867410.738378376,"standard_error":10805815.209086489}}