{"mean":{"confidence_interval":{"confidence_level":0.95,"lower_bound":466826350.21750003,"upper_bound":474836561.84749997},"point_estimate":470955414.45,"standard_error":2040383.2736973574},"median":{"confidence_interval":{"confidence_level":0.95,"lower_bound":465334020.5,"upper_bound":476705041.75},"point_estimate":471946947.75,"standard_error":2918853.27755698},"median_abs_dev":{"confidence_interval":{"confidence_level":0.95,"lower_bound":1810995.8678483963,"upper_bound":11968829.065860808},"point_estimate":6428121.307978034,"standard_error":2542471.211029558},"slope":null,"std_dev":{"confidence_interval":{"confidence_level":0.95,"lower_bound":3794838.5679670298,"upper_bound":8548733.443811173},"point_estimate":6797395.754561336,"standard_error":1228598.278349031}}