{"mean":{"confidence_interval":{"confidence_level":0.95,"lower_bound":4005329.7913461537,"upper_bound":4060267.244826923},"point_estimate":4031927.656153847,"standard_error":14061.213748523092},"median":{"confidence_interval":{"confidence_level":0.95,"lower_bound":3966842.961538462,"upper_bound":4006855.769230769},"point_estimate":3994459.923076923,"standard_error":10773.68111321759},"median_abs_dev":{"confidence_interval":{"confidence_level":0.95,"lower_bound":55385.99757324028,"upper_bound":111655.91554848065},"point_estimate":91094.30674429126,"standard_error":15552.613961909521},"slope":null,"std_dev":{"confidence_interval":{"confidence_level":0.95,"lower_bound":114464.41035719703,"upper_bound":161970.03218037882},"point_estimate":141091.93725342664,"standard_error":12067.91165676325}}