{"mean":{"confidence_interval":{"confidence_level":0.95,"lower_bound":0.011177525210736162,"upper_bound":0.030654764025009582},"point_estimate":0.02066164507364321,"standard_error":0.004966085722729013},"median":{"confidence_interval":{"confidence_level":0.95,"lower_bound":0.005220457306506968,"upper_bound":0.028955910192737085},"point_estimate":0.01383833318138672,"standard_error":0.006297619061571128}}