{"mean":{"confidence_interval":{"confidence_level":0.95,"lower_bound":-0.017150772287406597,"upper_bound":0.024124246151176774},"point_estimate":0.0020364644684065514,"standard_error":0.010490339972324349},"median":{"confidence_interval":{"confidence_level":0.95,"lower_bound":-0.026369206480833407,"upper_bound":0.02136746998288941},"point_estimate":-0.010597999522038881,"standard_error":0.010691457431201767}}