{"mean":{"confidence_interval":{"confidence_level":0.95,"lower_bound":0.09538822498077834,"upper_bound":0.11392350680500228},"point_estimate":0.1039057272572923,"standard_error":0.0045833351874027765},"median":{"confidence_interval":{"confidence_level":0.95,"lower_bound":0.10062429384232771,"upper_bound":0.12183024956091026},"point_estimate":0.1149808407004731,"standard_error":0.004687051905513085}}