{"mean":{"confidence_interval":{"confidence_level":0.95,"lower_bound":83677091.11166666,"upper_bound":85697905.45666666},"point_estimate":84635925.38178572,"standard_error":517829.22988014005},"median":{"confidence_interval":{"confidence_level":0.95,"lower_bound":83466146.825,"upper_bound":85926198.14583334},"point_estimate":84333619.07142857,"standard_error":407972.04256552935},"median_abs_dev":{"confidence_interval":{"confidence_level":0.95,"lower_bound":87247.93735103475,"upper_bound":2807466.512985},"point_estimate":212549.73292649162,"standard_error":871113.7976839169},"slope":{"confidence_interval":{"confidence_level":0.95,"lower_bound":83130689.99248748,"upper_bound":85385455.6388889},"point_estimate":83981858.48701298,"standard_error":579927.5796658455},"std_dev":{"confidence_interval":{"confidence_level":0.95,"lower_bound":629810.0338580423,"upper_bound":2235327.7991838166},"point_estimate":1732387.85153546,"standard_error":405882.6236959076}}