{"mean":{"confidence_interval":{"confidence_level":0.95,"lower_bound":0.10105012010133126,"upper_bound":0.12145745287972635},"point_estimate":0.11116415204147345,"standard_error":0.00522216198973688},"median":{"confidence_interval":{"confidence_level":0.95,"lower_bound":0.09336095608545203,"upper_bound":0.1466573152018582},"point_estimate":0.11813246074852901,"standard_error":0.01559213990980305}}