{"mean":{"confidence_interval":{"confidence_level":0.95,"lower_bound":-0.015497074774586535,"upper_bound":0.010209021735499216},"point_estimate":-0.002567555973828739,"standard_error":0.006550817038838042},"median":{"confidence_interval":{"confidence_level":0.95,"lower_bound":-0.007616392288426033,"upper_bound":0.014985092203079642},"point_estimate":0.0008481125507049381,"standard_error":0.005495592445215707}}