{"mean":{"confidence_interval":{"confidence_level":0.95,"lower_bound":0.04411543991239752,"upper_bound":0.06162196826139117},"point_estimate":0.05257113920627865,"standard_error":0.004425757318332901},"median":{"confidence_interval":{"confidence_level":0.95,"lower_bound":0.05565457635842841,"upper_bound":0.06482781631744228},"point_estimate":0.06180317427683457,"standard_error":0.0023321244836672418}}