{"mean":{"confidence_interval":{"confidence_level":0.95,"lower_bound":2405.646392866061,"upper_bound":2448.02107583321},"point_estimate":2427.1063344233453,"standard_error":10.826456456825538},"median":{"confidence_interval":{"confidence_level":0.95,"lower_bound":2422.9428788692076,"upper_bound":2468.738114703332},"point_estimate":2449.831012598276,"standard_error":9.709904272617827},"median_abs_dev":{"confidence_interval":{"confidence_level":0.95,"lower_bound":72.62119150745278,"upper_bound":134.08956343591348},"point_estimate":107.24526961971334,"standard_error":16.674879366166753},"slope":{"confidence_interval":{"confidence_level":0.95,"lower_bound":2426.989543702214,"upper_bound":2481.8725657159534},"point_estimate":2455.877369801873,"standard_error":13.99177069808643},"std_dev":{"confidence_interval":{"confidence_level":0.95,"lower_bound":94.69301950140283,"upper_bound":119.58428257698922},"point_estimate":108.23952902724238,"standard_error":6.348229173515952}}