{"mean":{"confidence_interval":{"confidence_level":0.95,"lower_bound":274066.9370633759,"upper_bound":278180.26357022714},"point_estimate":276012.1497409155,"standard_error":1049.786567847141},"median":{"confidence_interval":{"confidence_level":0.95,"lower_bound":272930.70652173914,"upper_bound":274534.5551689189},"point_estimate":273796.78166069294,"standard_error":402.6066432732747},"median_abs_dev":{"confidence_interval":{"confidence_level":0.95,"lower_bound":2678.4891752805397,"upper_bound":5463.243107480024},"point_estimate":3688.857131209873,"standard_error":714.3708609878503},"slope":{"confidence_interval":{"confidence_level":0.95,"lower_bound":276359.59367911686,"upper_bound":283346.90372938337},"point_estimate":279665.41452933353,"standard_error":1791.3539038898207},"std_dev":{"confidence_interval":{"confidence_level":0.95,"lower_bound":7535.177836078648,"upper_bound":13105.06783851755},"point_estimate":10588.352762892588,"standard_error":1419.4000552544667}}