{"mean":{"confidence_interval":{"confidence_level":0.95,"lower_bound":-0.023950676752614572,"upper_bound":-0.005628702135282337},"point_estimate":-0.014827944590407038,"standard_error":0.004664681035985151},"median":{"confidence_interval":{"confidence_level":0.95,"lower_bound":-0.03921285478782066,"upper_bound":-0.027307573760218862},"point_estimate":-0.033852819323498595,"standard_error":0.00310169377928239}}