{"mean":{"confidence_interval":{"confidence_level":0.95,"lower_bound":2093232144.8975,"upper_bound":2266566003.8775},"point_estimate":2165649404.1,"standard_error":46369161.133243956},"median":{"confidence_interval":{"confidence_level":0.95,"lower_bound":2079508666.5,"upper_bound":2237006583.0},"point_estimate":2096145562.5,"standard_error":39443570.491991624},"median_abs_dev":{"confidence_interval":{"confidence_level":0.95,"lower_bound":4451692.48726666,"upper_bound":192449939.2641306},"point_estimate":30953012.085074186,"standard_error":43360088.59940626},"slope":null,"std_dev":{"confidence_interval":{"confidence_level":0.95,"lower_bound":20045208.98463678,"upper_bound":227694520.74176317},"point_estimate":154714442.7849309,"standard_error":58546370.12416138}}