{"mean":{"confidence_interval":{"confidence_level":0.95,"lower_bound":888287680.745,"upper_bound":929578504.1},"point_estimate":905136741.7,"standard_error":11015053.200075045},"median":{"confidence_interval":{"confidence_level":0.95,"lower_bound":881174667.0,"upper_bound":910569958.0},"point_estimate":901044458.5,"standard_error":8189082.530781214},"median_abs_dev":{"confidence_interval":{"confidence_level":0.95,"lower_bound":1074545.4655230045,"upper_bound":33005733.2765311},"point_estimate":25120957.494413853,"standard_error":9837915.09783373},"slope":null,"std_dev":{"confidence_interval":{"confidence_level":0.95,"lower_bound":10113547.401713852,"upper_bound":54947007.611936375},"point_estimate":36664222.39031362,"standard_error":14596576.502938297}}