{"mean":{"confidence_interval":{"confidence_level":0.95,"lower_bound":3463367.4731999985,"upper_bound":3530185.528233333},"point_estimate":3495787.894666667,"standard_error":17096.353936363175},"median":{"confidence_interval":{"confidence_level":0.95,"lower_bound":3496537.533333333,"upper_bound":3514336.1333333333},"point_estimate":3507654.1666666665,"standard_error":4764.552762628857},"median_abs_dev":{"confidence_interval":{"confidence_level":0.95,"lower_bound":25554.2908263206,"upper_bound":46924.28916692734},"point_estimate":36115.73999881754,"standard_error":5683.641705806959},"slope":null,"std_dev":{"confidence_interval":{"confidence_level":0.95,"lower_bound":130018.14184742855,"upper_bound":207737.33972607696},"point_estimate":171617.97754016906,"standard_error":19845.09264575631}}