{"mean":{"confidence_interval":{"confidence_level":0.95,"lower_bound":2372051.975045454,"upper_bound":2404325.954999999},"point_estimate":2388311.6268181815,"standard_error":8212.876170204272},"median":{"confidence_interval":{"confidence_level":0.95,"lower_bound":2399021.7727272725,"upper_bound":2408230.1136363633},"point_estimate":2405099.4318181816,"standard_error":2472.8534970082687},"median_abs_dev":{"confidence_interval":{"confidence_level":0.95,"lower_bound":16105.045473169259,"upper_bound":33184.42869267702},"point_estimate":23019.622186774526,"standard_error":4361.4892268908625},"slope":null,"std_dev":{"confidence_interval":{"confidence_level":0.95,"lower_bound":62083.14087857901,"upper_bound":101234.38978121233},"point_estimate":82836.73942078145,"standard_error":9940.979317225661}}