{"mean":{"confidence_interval":{"confidence_level":0.95,"lower_bound":0.008919011165034654,"upper_bound":0.024026967707755524},"point_estimate":0.016341088172312057,"standard_error":0.0038717642444022387},"median":{"confidence_interval":{"confidence_level":0.95,"lower_bound":0.011255711500915533,"upper_bound":0.017762981102667608},"point_estimate":0.014979527577247076,"standard_error":0.0016917323587545994}}