{"mean":{"confidence_interval":{"confidence_level":0.95,"lower_bound":4323065.198250001,"upper_bound":4371874.295875001},"point_estimate":4346178.954166665,"standard_error":12477.93510952998},"median":{"confidence_interval":{"confidence_level":0.95,"lower_bound":4293331.541666667,"upper_bound":4343951.375},"point_estimate":4306973.916666666,"standard_error":12935.045212709285},"median_abs_dev":{"confidence_interval":{"confidence_level":0.95,"lower_bound":51927.07567811105,"upper_bound":95571.05062827376},"point_estimate":75813.36740404344,"standard_error":11413.539589517579},"slope":null,"std_dev":{"confidence_interval":{"confidence_level":0.95,"lower_bound":90251.42827207928,"upper_bound":154658.07084459206},"point_estimate":125371.94864756978,"standard_error":16514.975630643734}}