{"mean":{"confidence_interval":{"confidence_level":0.95,"lower_bound":0.0014162440370894538,"upper_bound":0.02280165166085982},"point_estimate":0.01176855850821723,"standard_error":0.005457271439532301},"median":{"confidence_interval":{"confidence_level":0.95,"lower_bound":-0.013686924706964754,"upper_bound":0.008836439230682336},"point_estimate":-0.0031304948612831396,"standard_error":0.005760349306921967}}