{"mean":{"confidence_interval":{"confidence_level":0.95,"lower_bound":0.0488785784011091,"upper_bound":0.11394964350502032},"point_estimate":0.07719218188620136,"standard_error":0.01677898042179279},"median":{"confidence_interval":{"confidence_level":0.95,"lower_bound":0.04210482453655939,"upper_bound":0.10304260500089724},"point_estimate":0.05100687818252925,"standard_error":0.01671425618702918}}