{"mean":{"confidence_interval":{"confidence_level":0.95,"lower_bound":2250236.3941956535,"upper_bound":2260626.9089565217},"point_estimate":2255496.2321739127,"standard_error":2643.4760668541744},"median":{"confidence_interval":{"confidence_level":0.95,"lower_bound":2254375.9130434785,"upper_bound":2255981.8913043477},"point_estimate":2255187.5,"standard_error":436.8044626241875},"median_abs_dev":{"confidence_interval":{"confidence_level":0.95,"lower_bound":2546.2043026216843,"upper_bound":4916.527125757389},"point_estimate":3171.9904132508755,"standard_error":603.3062950295075},"slope":null,"std_dev":{"confidence_interval":{"confidence_level":0.95,"lower_bound":19357.82555264057,"upper_bound":32650.614214161007},"point_estimate":26542.40774089455,"standard_error":3382.8650524742584}}