{"mean":{"confidence_interval":{"confidence_level":0.95,"lower_bound":1955425887.2250004,"upper_bound":3260043120.4124985},"point_estimate":2561312958.3,"standard_error":335496477.01417536},"median":{"confidence_interval":{"confidence_level":0.95,"lower_bound":1647201084.0,"upper_bound":3365412875.0},"point_estimate":2213913333.0,"standard_error":492148763.7461131},"median_abs_dev":{"confidence_interval":{"confidence_level":0.95,"lower_bound":88808170.6012398,"upper_bound":1813491948.701182},"point_estimate":917910507.7567309,"standard_error":527488333.1028768},"slope":null,"std_dev":{"confidence_interval":{"confidence_level":0.95,"lower_bound":511604018.2288123,"upper_bound":1442663221.5129297},"point_estimate":1119910974.2784255,"standard_error":247143758.2288488}}