{"mean":{"confidence_interval":{"confidence_level":0.95,"lower_bound":8006888.693321425,"upper_bound":8208824.131357144},"point_estimate":8096304.347142857,"standard_error":52265.56230089999},"median":{"confidence_interval":{"confidence_level":0.95,"lower_bound":8006261.857142857,"upper_bound":8069583.357142857},"point_estimate":8035038.714285715,"standard_error":19623.927129788757},"median_abs_dev":{"confidence_interval":{"confidence_level":0.95,"lower_bound":116234.03763643293,"upper_bound":216715.45055253155},"point_estimate":170860.96316661133,"standard_error":26071.024534767264},"slope":null,"std_dev":{"confidence_interval":{"confidence_level":0.95,"lower_bound":213086.8103488275,"upper_bound":776059.6969937636},"point_estimate":525096.180583324,"standard_error":150307.28067935546}}