{"mean":{"confidence_interval":{"confidence_level":0.95,"lower_bound":4809820562.7775,"upper_bound":5039484241.8075},"point_estimate":4923364179.2,"standard_error":58655243.00475928},"median":{"confidence_interval":{"confidence_level":0.95,"lower_bound":4774424416.5,"upper_bound":5090324146.0},"point_estimate":4912959813.0,"standard_error":61684405.37101401},"median_abs_dev":{"confidence_interval":{"confidence_level":0.95,"lower_bound":28321798.916387558,"upper_bound":391325529.0833831},"point_estimate":123117324.97293055,"standard_error":96840189.33999386},"slope":null,"std_dev":{"confidence_interval":{"confidence_level":0.95,"lower_bound":103749305.49746364,"upper_bound":249944045.6371173},"point_estimate":195937841.62959877,"standard_error":37670189.58352506}}