{"mean":{"confidence_interval":{"confidence_level":0.95,"lower_bound":0.014251827757682335,"upper_bound":0.04545740950869673},"point_estimate":0.030194853432761848,"standard_error":0.007985131668309806},"median":{"confidence_interval":{"confidence_level":0.95,"lower_bound":0.02268156775934682,"upper_bound":0.03558559904487746},"point_estimate":0.03312673076875705,"standard_error":0.004445776322662254}}