{"mean":{"confidence_interval":{"confidence_level":0.95,"lower_bound":3211303.30071875,"upper_bound":3238639.7362343753},"point_estimate":3225547.00125,"standard_error":6973.946662287503},"median":{"confidence_interval":{"confidence_level":0.95,"lower_bound":3246057.28125,"upper_bound":3253244.8125},"point_estimate":3249768.21875,"standard_error":1870.9910551877347},"median_abs_dev":{"confidence_interval":{"confidence_level":0.95,"lower_bound":14215.855408399379,"upper_bound":27358.648970536888},"point_estimate":20405.069768987596,"standard_error":3362.1632857779728},"slope":null,"std_dev":{"confidence_interval":{"confidence_level":0.95,"lower_bound":53225.712903639054,"upper_bound":83675.60329951426},"point_estimate":70274.23335599531,"standard_error":7782.761569604805}}