{"mean":{"confidence_interval":{"confidence_level":0.95,"lower_bound":39.31309461438817,"upper_bound":39.621856899472824},"point_estimate":39.47571333322075,"standard_error":0.07900956266578524},"median":{"confidence_interval":{"confidence_level":0.95,"lower_bound":39.54800278943288,"upper_bound":39.77661718373024},"point_estimate":39.65343727396893,"standard_error":0.058650465563220025},"median_abs_dev":{"confidence_interval":{"confidence_level":0.95,"lower_bound":0.3329767748202797,"upper_bound":0.5243657337200971},"point_estimate":0.44280368794141717,"standard_error":0.04946896510240827},"slope":{"confidence_interval":{"confidence_level":0.95,"lower_bound":39.09402458055829,"upper_bound":39.63653441234711},"point_estimate":39.38040816199018,"standard_error":0.13837125813770906},"std_dev":{"confidence_interval":{"confidence_level":0.95,"lower_bound":0.5712509264259352,"upper_bound":0.9725574180149327},"point_estimate":0.7936798153919042,"standard_error":0.10205033186725644}}