{"mean":{"confidence_interval":{"confidence_level":0.95,"lower_bound":0.08257989340327476,"upper_bound":0.10132284247427661},"point_estimate":0.09219583420320943,"standard_error":0.004891565216560557},"median":{"confidence_interval":{"confidence_level":0.95,"lower_bound":0.09969940863628701,"upper_bound":0.11763284484264894},"point_estimate":0.10949699395820622,"standard_error":0.0041459559089324005}}