{"mean":{"confidence_interval":{"confidence_level":0.95,"lower_bound":0.055978050118154134,"upper_bound":0.12400885270393801},"point_estimate":0.08827194903607682,"standard_error":0.017631919284204288},"median":{"confidence_interval":{"confidence_level":0.95,"lower_bound":-0.003684724553349117,"upper_bound":0.015202495566275065},"point_estimate":0.0057794660366861095,"standard_error":0.006386437960106315}}