{"mean":{"confidence_interval":{"confidence_level":0.95,"lower_bound":-0.017152539485868788,"upper_bound":0.005479906353652182},"point_estimate":-0.00628278369833235,"standard_error":0.005781440360664652},"median":{"confidence_interval":{"confidence_level":0.95,"lower_bound":-0.025494867084848827,"upper_bound":0.004836770183034744},"point_estimate":-0.013942211378256242,"standard_error":0.007948478087793323}}